Brand,nama barang,kategori,nama fix
910,910 Haze STRIKE PRIME Sepatu Lari - Putih/Biru/Mint - 40,sepatu lari,nineten haze strike prime
910,910 Nineten AURORUN Sepatu Lari - Hitam/Biru/Ungu Olahraga  Running Outdoor - 42,sepatu lari,nineten aurorun
910,910 Nineten AURORUN STRIDE Sepatu Lari - Hitam/Abu-Abu Tua - 39,sepatu lari,nineten aurorun stride
910,910 Nineten AURORUN STRIDE Sepatu Lari -  Hitam/Biru/Navy - 40,sepatu lari,nineten aurorun stride
910,910 Nineten Aurorun Stride Sepatu Lari - Putih Gading/Hijau Tosca/Hijau Neon - 41,sepatu lari,nineten aurorun stride
910,910 Nineten Chiru Aterun Sepatu Sportstyle -  Hitam/Dark.Grey/Orange Casual Shoes - 39,sepatu lari,nineten chiru aterun
910,910 Nineten Chiru Futurism Sepatu Sportstyle - Hitam/Putih Casual Karet Casual Karet - 41,sepatu lari,nineten chiru futurism
910,910 Nineten EASY TRAIN Sepatu Lari - LILAC/VIOLET/WHITE Running Outdoor - 36,sepatu lari,nineten easy train
910,910 Nineten EASY TRAIN Sepatu Lari - PEACH/TRUE BLUE/SKY BLUE Running Outdoor - 36,sepatu lari,nineten easy train
910,910 NINETEN EKIDEN HYPERION Sepatu Lari - BLACK/ORANGE/GREEN Running Outdoor Running Outdoor - 39,sepatu lari,nineten ekiden hyperion
910,910 Nineten  Ekiden Hyperion Sepatu Lari - Magenta/Orange - 42,sepatu lari,nineten ekiden hyperion
910,910 Nineten FUUTO HERITAGE LS Sepatu Sport Style - Hitam/Putih - 38,sepatu lari,nineten fuuto heritage ls
910,910 Nineten FUUTO HERITAGE LS Sepatu Sport Style - Kuning/Navy/Abu Muda - 40,sepatu lari,nineten fuuto heritage ls
910,910 NINETEN FUUTO REVENGE Running Shoes - Black/Grey Outdoor Sepatu Outdoor Sepatu - 39,sepatu lari,nineten fuuto revenge
910,910 NINETEN FUUTO REVENGE Running Shoes - Putih/Abu-Muda/Turqoise Outdoor Sepatu Outdoor Sepatu - 39,sepatu lari,nineten fuuto revenge
910,910 NINETEN FUUTO REVENGE Running Shoes Women Series -Lylac/Biru Muda Outdoor Sepatu Outdoor Sepatu - 36,sepatu lari,nineten fuuto revenge
910,910 NINETEN FUUTO REVENGE Running Shoes Women Series - Turquoise/Putih Gading/Magenta Outdoor Sepatu Outdoor Sepatu - 37,sepatu lari,nineten fuuto revenge
910,910 Nineten Geist Ekiden Glide Sepatu Lari - Hitam/Abu-Md/Merah/Lime - 37,sepatu lari,nineten geist ekiden glide
910,910 NINETEN GEIST EKIDEN HYPERPLUSE Running Shoes - MERAH TERACOTA/KUNING Sepatu Outdoor - 45,sepatu lari,nineten geist ekiden hyperpluse
910,910 NINETEN GEIST EKIDEN HYPERPULSE Running Shoes - HITAM/ABU Sepatu Outdoor - 41,sepatu lari,nineten geist ekiden hyperpluse
910,910 Nineten Geist Ekiden Hyperpulse Sepatu Lari - Abu/Teal/Kuning - 45,sepatu lari,nineten geist ekiden hyperpluse
910,910 Nineten Geist Ekiden SE Sepatu Lari - Merah/Putih - 45,sepatu lari,nineten geist ekiden
910,910 Nineten Geist Ekiden Sepatu Lari - Hitam/Putih - 39,sepatu lari,nineten geist ekiden se
910,910 Nineten HANNA 1.0 Sepatu Lari - Hijau Teal/Putih/Merah Coral Running Outdoor Running Outdoor - 44,sepatu lari,nineten hanna 1.0
910,910 Nineten HANNA 1.0 Sepatu Lari - Merah Muda/Biru-Navy/Putih Running Outdoor Running Outdoor - 42,sepatu lari,nineten hanna 1.0
910,910 Nineten HANNA 2.0 - Merah/ Biru-Navy/Soft Pink - Sepatu Lari - 40,sepatu lari,nineten hanna 2.0
910,910 Nineten HANNA 2.0 Sepatu Running Biru/Hijau/Neon - 39,sepatu lari,nineten hanna 2.0
910,910 Nineten HANNA 2.0 Sepatu Running- Merah-Burgundy/Coklat Outdoor Outdoor - 40,sepatu lari,nineten hanna 2.0
910,910 Nineten Haze 1.5 Sepatu Lari -Hitam/Hijau Neon/Putih Olahraga Running Outdoor - 43,sepatu lari,nineten haze 1.5
910,910 NINETEN HAZE FLOW Running Shoes - UNGU/BIRU/HITAM Lari Sepatu - 39,sepatu lari,nineten haze flow
910,910 Nineten HAZE FUZZ LITE Sepatu Lari - Hijau/Orange/Kuning Running Outdoor Running Outdoor - 39,sepatu lari,nineten haze fuzz lite
910,910 NINETEN HAZE FUZZ LITE SEPATU LARI - HITAM/UNGU/BIRU Running Outdoor Running Outdoor - 42,sepatu lari,nineten haze fuzz lite
910,910 Nineten Haze Infiknit V2 Sepatu Lari - HITAM/ABU/PUTIH Olahraga Outdoor Olahraga Outdoor - 42,sepatu lari,nineten haze infiknit v2
910,910 Nineten Haze Infiknit V2 Sepatu Lari - PUTIH/BIRU-MUDA/NAVY Olahraga Outdoor Olahraga Outdoor - 43,sepatu lari,nineten haze infiknit v3
910,910 NINETEN HAZE MIDDISTANCE SPIKES Running Shoes - Black/Magenta/Hot Collar Sepatu Outdoor Sepatu Outdoor - 39,sepatu lari,nineten haze middistance spikes
910,910 NINETEN HAZE PRO sepatu lari - All Black Running Outdoor - 39,sepatu lari,nineten haze pro
910,910 Nineten HAZE STRIKE X Sepatu Lari - Dark Navy/Jingga/Putih - 39,sepatu lari,nineten haze strike x
910,910 Nineten HAZE TEMPO FEME Sepatu Lari Wanita - TURQOISE/LIME/PINK - 36,sepatu lari,nineten haze tempo feme
910,910 Nineten Haze Tempo Sepatu Lari - Biru/Merah/Kuning - 39,sepatu lari,nineten haze tempo
910,910 Nineten Haze Veloce Gravity sepatu lari - Hitam/Orange/Jingga Running Outdoor - 39,sepatu lari,nineten haze veloce gravity
910,910 NINETEN HAZE VELOCE SE JKT Running Shoes - Biru/Merah/Putih Outdoor Sepatu - 39,sepatu lari,nineten haze veloce se jkt
910,910 NINETEN HAZE VELOCE SE MGL Running Shoes - Merah/Putih/Emas Outdoor Sepatu Outdoor Sepatu - 39,sepatu lari,nineten haze veloce se mgl
910,910 Nineten IREZUMI HOVER SE DAYAK sepatu lari - MERAH/HITAM Outdoor Running - 39,sepatu lari,nineten irezumi hover se dayak
910,910 nineten IREZUMI HOVER sepatu lari - BIRU-TUA/PUTIH/MERAH Outdoor Running Outdoor Running - 41,sepatu lari,nineten irezumi hover
910,910 Nineten IREZUMI HOVER sepatu lari - HIJAU-TEAL/HIJAU-NEON/PUTIH Outdoor Running Outdoor Running - 39,sepatu lari,nineten irezumi hover
910,910 Nineten IREZUMI HOVER sepatu lari - HITAM/ABU-ABU/KUNING Outdoor Running Outdoor Running - 39,sepatu lari,nineten irezumi hover
910,910 NINETEN IREZUMI SPACEPUNK Running Shoes - HITAM/MERAH/BIRU/PUTIH Outdoor Sepatu Outdoor Sepatu - 46,sepatu lari,nineten irezumi spacepunk
910,910 NINETEN IREZUMI SPACEPUNK Running Shoes - HITAM/TEAL/UNGU/ORANGE Outdoor Sepatu Outdoor Sepatu - 46,sepatu lari,nineten irezumi spacepunk
910,910 Nineten IREZUMI SPACEPUNK Sepatu Lari - Hitam/Biru/Kuning - 45,sepatu lari,nineten irezumi spacepunk
910,910 NINETEN KANZAKI 1.0 Running Shoes - WHITE/BLUE/LIME GREEN Outdoor Sepatu - 39,sepatu lari,nineten kanzaki 1.0
910,910 Nineten KANZAKI 2.0 Sepatu Lari - HITAM/UNGU/MAGENTA Running Outdoor Running Outdoor - 42,sepatu lari,nineten kanzaki 2.0
910,910 Nineten KANZAKI 2.0 Sepatu Lari - Merah Coral/ Kuning/Off White - 42,sepatu lari,nineten kanzaki 2.0
910,910 Nineten KANZAKI 2.0 Sepatu Lari - UNGU/NAVY/NEON - 41,sepatu lari,nineten kanzaki 2.0
910,910 Nineten KAZA JETRACER -  Biru/Putih Sepatu Lari - 34,sepatu lari,nineten kaza jetracer
910,910 Nineten Kenzo Run Sepatu Lari - Biru-tua/Merah/Ungu - 45,sepatu lari,nineten kenzo run
910,910 Nineten KenzooRun Sepatu Lari - Biru / Merah / Putih Outdoor Running Outdoor Running - 44,sepatu lari,nineten kenzo run
910,910 NINETEN KISHI RUN FLOW Running Shoes - Putih/Biru/Merah-Muda Sepatu Outdoor Sepatu Outdoor - 39,sepatu lari,nineten kishi run flow
910,910 NINETEN KISHI RUN FLOW Running Shoes - Ungu/Merah/Kuning Sepatu Outdoor Sepatu Outdoor - 40,sepatu lari,nineten kishi run flow
910,910 Nineten Kiva Sepatu Training - Hitam/Merah/Putih - 39,sepatu lari,nineten kiva
910,910 Nineten Kurenai Kids Sepatu Anak -Hitam Hitam - Fashion - 34,sepatu lari,nineten kurenai kids
910,910 NINETEN KYOTO COURT PRO Sepatau Basket - HITAM/PUTIH Kaki Sepatu - 39,sepatu basket,nineten kyoto court pro
910,910 NINETEN KYOTO COURT  PRO Sepatu Basket - HITAM/PUTIH/MERAH-CAMELLIA Kaki Outdoor - 40,sepatu basket,nineten kyoto court pro
910,910 NINETEN NAKAMI 2.0 Sepatu Basket - Biru-Navy/Merah - 39,sepatu basket,nineten nakami 2.0
910,910 NINETEN Nakami Flow sepatu basket - Hitam Abu - 39,sepatu basket,nineten nakami flow
910,910 NINETEN Nakami Flow sepatu basket - Hitam/Abu/Emas Kaki Olahraga Kaki Olahraga - 39,sepatu basket,nineten nakami flow
910,910 NINETEN Nakami Flow sepatu basket - Ungu/Biru MD/Jingga Kaki Olahraga Kaki Olahraga - 39,sepatu basket,nineten nakami flow
910,910 Nineten Nakami Torch Sepatu Training - AbuMuda/BiruMuda/Biru - 40,sepatu basket,nineten nakami torch
910,910 nineten REISHIKA BOLSTER sepatu lari - ABU-ABU/TOSCA/PUTIH Olahraga Outdoor Running Running - 42,sepatu lari,nineten reishika bolster
910,910 nineten REISHIKA BOLSTER sepatu lari - Biru/Jingga/Putih -  Olahraga  Running Outdoor Outdoor - 40,sepatu lari,nineten reishika bolster
910,910 nineten REISHIKA BOLSTER sepatu lari - HITAM/JINGGA/PUTIH Outdoor Running Outdoor Running - 43,sepatu lari,nineten reishika bolster
910,910 Nineten Sakura Sepatu Lari Women - Hijau-muda/Putih - 41,sepatu lari,nineten sakura women
910,910 Nineten Sepatu Lari  HANNA 1.0  - Putih/Biru Running Olahraga Outdoor - 45,sepatu lari,nineten hanna 1.0
910,910 NIneten Sepatu Lari Hiroshi RN - Lite Abu/Merah/Putih Olahraga Outdoor - 38,sepatu lari,nineten hiroshi rn - lite
910,910 NIneten Sepatu Lari Hiroshi RN - Lite Hijau Neon/Putih/Biru Olahraga Outdoor - 37,sepatu lari,nineten hiroshi rn - lite
910,910 NIneten Sepatu Lari Hiroshi RN - Lite Hitam/Hijau-Neon Outdoor Running - 37,sepatu lari,nineten hiroshi rn - lite
910,910 NIneten Sepatu Lari Hiroshi RN - Lite Merah/Putih/Biru Olahraga Outdoor - 37,sepatu lari,nineten hiroshi rn - lite
910,910 Nineten Sepatu Lari KISHI RUN 2.0 BLACK/SULPHUR SPRING/EGRET/CHARCOAL Running Outdoor Running Outdoor - 39,sepatu lari,nineten kishi run 2.0
910,910 Nineten Sepatu Lari KISHI RUN 2.0 BLUEBIRD/BLUE RADIANCE/NECTARINE Running Outdoor Running Outdoor - 46,sepatu lari,nineten kishi run 2.0
910,910 Nineten Sepatu Lari Tenun IDN Haze Metamozaic - CMD SUMBA Running Outdoor - 45,sepatu lari,nineten tenun idn haze metamozaic
910,910 Nineten Sepatu Training  Chiru Estate - Black/Grey/Clouds Running Outdoor - 39,sepatu lari,nineten chiru estate
910,910 Nineten Sepatu Training CHIRU ESTATE - MARUN/BLACK/GREY Running Outdoor - 39,sepatu lari,nineten chiru estate
910,910 Nineten Sera Sepatu Lari - BIRU/ORANGE/PUTIH - 40,sepatu lari,nineten sera
910,910 Nineten DATS Tas Sepatu - HITAM,sepatu tas sepatu,nineten dats
910,910 Nineten Takashi Run Elite Sepatu Lari - Hijau-Lime/Hitam/Putih Running Outdoor - 39,sepatu lari,nineten takashi run elite
910,910 Nineten Takashi Run Elite Sepatu Lari - Hitam/Hijau-Neon Running Outdoor - 39,sepatu lari,nineten takashi run elite
910,910 Nineten ULTRA EKIDEN 1.0 Sepatu Lari - Hitam Iris / Hijau Neon / Biru Muda - Running - 40,sepatu lari,nineten ultra ekiden 1.0
910,910 Nineten Ultra Ekiden 1.0 Sepatu Lari - Putih/Biru Muda - 41,sepatu lari,nineten ultra ekiden 1.0
910,910 Nineten Yasha Kids Sepatu Anak - Hitam Putih - 33,sepatu lari,nineten yasha kids
910,910 Nineten Yasha sepatu lari - Hitam - 44,sepatu lari,nineten yasha
910,910 Nineten Yokko 1.5 Sepatu Training LifeStyle - Green/Hitam/Putih - 39,sepatu lari,nineten yokko 1.5
910,910 Nineten Yokko 1.5 Sepatu Training LifeStyle - Hijau/Putih/Hitam - 39,sepatu lari,nineten yokko 1.5
910,910 Nineten YUKA ACE 1.5 Sepatu Traning - Abu/Abu-Tua/Magenta Outdoor Running Outdoor Running - 39,sepatu lari,nineten yuka ace 1.5
910,910 Nineten YUKA ACE 1.5 Sepatu Traning - Hitam/Hijau-MD/Merah Outdoor Running Outdoor Running - 39,sepatu lari,nineten yuka ace 1.5
910,910 Nineten YUKA ACE 1.5 Sepatu Traning - Merah/Maroon/Hitam Outdoor Running Outdoor Running - 41,sepatu lari,nineten yuka ace 1.5
910,910 Nineten YUKA ACE Sepatu Traning - Hitam/Abu/Jingga Outdoor Running - 40,sepatu lari,nineten yuka ace
910,910NINETEN EKIDEN ULTRA 1.0 Running Shoes - HItam irish/Hijau Neon/Biru Muda Lari Sepatu Lari Sepatu - 40,sepatu lari,nineten ekiden ultra 1.0
910,910NINETEN GEIST EKIDEN PRO Running Shoes - Orange/Hijau-Neon sepatu karbon - 39,sepatu lari,nineten geist ekiden pro
910,910NINETEN GEIST EKIDEN PRO Running Shoes - Putih/Biru/Hijau-neon sepatu karbon - 39,sepatu lari,nineten geist ekiden pro
910,910Nineten HAZE PRO sepatu lari - Orange/Putih-Gading/Biru Tosca Running Outdoor Running Outdoor - 39,sepatu lari,nineten haze pro
910,910NINETEN KISHIRUN ACTIVE Sportstyle Shoes - Abu-Muda/Merah Lari Sepatu Lari Sepatu - 44,sepatu lari,nineten kishirun active
910,910NINETEN KISHIRUN ACTIVE Sportstyle Shoes - Biru/Navy/Jingga Lari Sepatu Lari Sepatu - 43,sepatu lari,nineten kishirun active
910,910NINETEN KISHIRUN ACTIVE Sportstyle Shoes - Hitam/Hijau-Neon Lari Sepatu Lari Sepatu - 43,sepatu lari,nineten kishirun active
910,910NINETEN KISHIRUN ACTIVE Sportstyle Shoes - Merah/Biru-Muda Lari Sepatu Lari Sepatu - 40,sepatu lari,nineten kishirun active
910,910NINETEN NAKAMI SWISH Sepatu Basket -Biru/Putih Kaki Outdoor Kaki Outdoor - 39,sepatu basket,nineten nakami swish
910,910NINETEN NAKAMI SWISH Sepatu Basket - Hitam/Putih Kaki Outdoor Kaki Outdoor - 39,sepatu basket,nineten nakami swish
910,910Nineten TAKASHI RUN 1.5 Sepatu Lari - Hijau/Orange/Hijau Tosca Running Outdoor Running Outdoor - 39,sepatu lari,nineten takashi run 1.5
910,910Nineten TAKASHI RUN 1.5 Sepatu Lari - Hijau Teal/Hijau Neon Running Outdoor Running Outdoor - 45,sepatu lari,nineten takashi run 1.5
910,910Nineten TAKASHI RUN 1.5 Sepatu Lari - Kuning/Hitam Running Outdoor Running Outdoor - 41,sepatu lari,nineten takashi run 1.5
Ortuseight,"Ortuseight Sepatu Catalyst Empire IN Distilled Blue Camo - Distilled Blue Camo, 46",sepatu futsal,ortuseight catalyst empire in
Ortuseight,"Ortuseight Sepatu Futsal Catalyst Ballistic IN Cloud Blue Cyan - Cloud Blue Cyan, 38",sepatu futsal,ortuseight catalyst ballistic in
Ortuseight,"Ortuseight Sepatu Futsal Catalyst Ballistic IN Mint Grey - Mint Grey, 37",sepatu futsal,ortuseight catalyst ballistic in
Ortuseight,"Ortuseight Sepatu Futsal Catalyst Ballistic IN Silver Black - Silver Black, 37",sepatu futsal,ortuseight catalyst ballistic in
Ortuseight,"Ortuseight Sepatu Futsal Catalyst Ballistic IN White Gold - White Gold, 38",sepatu futsal,ortuseight catalyst ballistic in
Ortuseight,"Ortuseight Sepatu Futsal Catalyst Celestial IN Black Hole - Black Hole, 37",sepatu futsal,ortuseight catalyst celestial in
Ortuseight,"Ortuseight Sepatu Futsal Catalyst Celestial IN Galaxy White - Galaxy White, 39",sepatu futsal,ortuseight catalyst celestial in
Ortuseight,"Ortuseight Sepatu Futsal Catalyst Celestial IN Sky Blue - Sky Blue, 37",sepatu futsal,ortuseight catalyst celestial in
Ortuseight,"Ortuseight Sepatu Futsal Catalyst Hyperion IN Cloud Blue Ortrange - Cloud Blue Ortrange, 37",sepatu futsal,ortuseight catalyst hyperion in
Ortuseight,"Ortuseight Sepatu Futsal Catalyst Hyperion IN Indigo Pink - Indigo Pink, 40",sepatu futsal,ortuseight catalyst hyperion in
Ortuseight,"Ortuseight Sepatu Futsal Catalyst Hyperion IN Silver Ortrange - Silver Ortrange, 37",sepatu futsal,ortuseight catalyst hyperion in
Ortuseight,"Ortuseight Sepatu Futsal Catalyst Hyperion IN White Cyan Pink - White Cyan Pink, 37",sepatu futsal,ortuseight catalyst hyperion in
Ortuseight,"Ortuseight Sepatu Futsal Catalyst Legion V4 IN Black White Ultra - Black White Ultra, 46",sepatu futsal,ortuseight catalyst legion v4 in
Ortuseight,"Ortuseight Sepatu Futsal Catalyst Legion V5 IN Celeste Blue White - Celeste Blue White, 37",sepatu futsal,ortuseight catalyst legion v5 in
Ortuseight,"Ortuseight Sepatu Futsal Catalyst Legion V5 IN JR Pistachio Peach - Pistachio Peach, 33",sepatu futsal,ortuseight catalyst legion v5 in
Ortuseight,"Ortuseight Sepatu Futsal Catalyst Legion V5 IN Pistachio Peach - Pistachio Peach, 37",sepatu futsal,ortuseight catalyst legion v5 in
Ortuseight,"Ortuseight Sepatu Futsal Catalyst Legion V5 IN Silver Pink - Silver Pink, 44",sepatu futsal,ortuseight catalyst legion v5 in
Ortuseight,"Ortuseight Sepatu Futsal Catalyst Liberte V3 IN Ortred Cyan - Ortred Cyan, 39",sepatu futsal,ortuseight catalyst liberte v3 in
Ortuseight,"Ortuseight Sepatu Futsal Catalyst Liberte V4 IN Cyan Pink - Cyan Pink, 37",sepatu futsal,ortuseight catalyst liberte v4 in
Ortuseight,"Ortuseight Sepatu Futsal Catalyst Liberte V4 IN Salmon Lime - Salmon Lime, 37",sepatu futsal,ortuseight catalyst liberte v4 in
Ortuseight,"Ortuseight Sepatu Futsal Catalyst Liberte V4 IN Silver Aqua - Silver Aqua, 37",sepatu futsal,ortuseight catalyst liberte v4 in
Ortuseight,"Ortuseight Sepatu Futsal Catalyst Liberte V4 IN White Ortred - White Ortred, 37",sepatu futsal,ortuseight catalyst liberte v4 in
Ortuseight,"Ortuseight Sepatu Futsal Catalyst Vision V4 In K-Lea Black - Black, 37",sepatu futsal,ortuseight catalyst vision v4 in k-lea
Ortuseight,"Ortuseight Sepatu Futsal Catalyst Vision V4 In K-Lea Electricity White Ortrange - Electricity White Ortrange, 37",sepatu futsal,ortuseight catalyst vision v4 in k-lea
Ortuseight,"Ortuseight Sepatu Futsal Catalyst Vision V4 In K-Lea Off White - Off White, 37",sepatu futsal,ortuseight catalyst vision v4 in k-lea
Ortuseight,"Ortuseight Sepatu Futsal Catalyst Vision V4 IN K-Lea Ortred - Ortred, 37",sepatu futsal,ortuseight catalyst vision v4 in k-lea
Ortuseight,"Ortuseight Sepatu Futsal Catalyst Vision V5 IN K-Lea Silver White - Silver White, 37",sepatu futsal,ortuseight catalyst vision v5 in k-lea
Ortuseight,"Ortuseight Sepatu Futsal Catalyst Weave IN Aqua White - Aqua White, 37",sepatu futsal,ortuseight catalyst weave in
Ortuseight,"Ortuseight Sepatu Futsal Catalyst Weave IN White Ortrange - White Ortrange, 38",sepatu futsal,ortuseight catalyst weave in
Ortuseight,"Ortuseight Sepatu Futsal Children Catalyst Liberte V4 IN CH Silver Aqua - Silver Aqua, 29",sepatu futsal,ortuseight children catalyst liberte v4 in ch
Ortuseight,"Ortuseight Sepatu Futsal Children Catalyst Liberte V4 IN CH White Ortred - White Ortred, 29",sepatu futsal,ortuseight children catalyst liberte v4 in ch
Ortuseight,"Ortuseight Sepatu Futsal Forte Ascalon IN Cyan Lime - Cyan Lime, 38",sepatu futsal,ortuseight forte ascalon in
Ortuseight,"Ortuseight Sepatu Futsal Forte Ascalon IN Silver Teal - SIlver Teal, 38",sepatu futsal,ortuseight forte ascalon in
Ortuseight,"Ortuseight Sepatu Futsal Forte Ascalon IN White Gold - White Gold, 43",sepatu futsal,ortuseight forte ascalon in
Ortuseight,"Ortuseight Sepatu Futsal Forte Axiom IN Black White - Black White, 37",sepatu futsal,ortuseight forte axiom in
Ortuseight,"Ortuseight Sepatu Futsal Forte Axiom IN Silver Pink - Silver Pink, 37",sepatu futsal,ortuseight forte axiom in
Ortuseight,"Ortuseight Sepatu Futsal Forte Axiom IN White Gold - White Gold, 37",sepatu futsal,ortuseight forte axiom in
Ortuseight,"Ortuseight Sepatu Futsal Forte Savage V3 IN Aquamarine Black - Aquamarine Black, 37",sepatu futsal,ortuseight forte savage v3 in
Ortuseight,"Ortuseight Sepatu Futsal Forte Savage V3 IN Black White - Black White, 37",sepatu futsal,ortuseight forte savage v3 in
Ortuseight,"Ortuseight Sepatu Futsal Forte Savage V3 In Lime White - Lime White, 37",sepatu futsal,ortuseight forte savage v3 in
Ortuseight,"Ortuseight Sepatu Futsal Forte Vantage V2 IN Black Purple - Black Purple, 37",sepatu futsal,ortuseight forte vantage v2 in
Ortuseight,"Ortuseight Sepatu Futsal Forte Vantage V2 IN Cyan White - Cyan White, 37",sepatu futsal,ortuseight forte vantage v2 in
Ortuseight,"Ortuseight Sepatu Futsal Forte Vantage V2 IN White Yellow - White Yellow, 37",sepatu futsal,ortuseight forte vantage v2 in
Ortuseight,"Ortuseight Sepatu Futsal Havoc IN Grey Ortrange - Grey Ortrange, 37",sepatu futsal,ortuseight havoc in
Ortuseight,"Ortuseight Sepatu Futsal Havoc IN Navy White Pink - Navy White Pink, 38",sepatu futsal,ortuseight havoc in
Ortuseight,"Ortuseight Sepatu Futsal Havoc IN White Yellow Aqua - White Yellow Aqua, 37",sepatu futsal,ortuseight havoc in
Ortuseight,"Ortuseight Sepatu Futsal HORIZON IN - AQUA/LIME/WHITE - AQUA, 39",sepatu futsal,ortuseight horizon in
Ortuseight,"Ortuseight Sepatu Futsal HORIZON IN - BLACK/SILVER - HITAM, 38",sepatu futsal,ortuseight horizon in
Ortuseight,"Ortuseight Sepatu Futsal Horizon In Scarlet Black - Scarlet Black, 37",sepatu futsal,ortuseight horizon in
Ortuseight,"Ortuseight Sepatu Futsal HORIZON IN - WHITE/CYAN/ORTRANGE - PUTIH, 41",sepatu futsal,ortuseight horizon in
Ortuseight,"Ortuseight Sepatu Futsal Jogosala Ascend Black Camo - Black Camo, 37",sepatu futsal,ortuseight jogosala ascend
Ortuseight,"Ortuseight Sepatu Futsal Jogosala Ascend Glacial Green Camo - Glacial Green Camo, 37",sepatu futsal,ortuseight jogosala ascend
Ortuseight,"Ortuseight Sepatu Futsal Jogosala Ascend Grey Camo - Grey Camo, 37",sepatu futsal,ortuseight jogosala ascend
Ortuseight,"Ortuseight Sepatu Futsal Jogosala Ascend Off White Camo - Off White Camo, 37",sepatu futsal,ortuseight jogosala ascend
Ortuseight,"Ortuseight Sepatu Futsal Jogosala Avalanche Pro Asphalt Bone - Asphalt Bone, 39",sepatu futsal,ortuseight jogosala avalanche pro
Ortuseight,"Ortuseight Sepatu Futsal Jogosala Conquer Moon Stone - Moon Stone, 38",sepatu futsal,ortuseight jogosala conquer
Ortuseight,"Ortuseight Sepatu Futsal Jogosala Conquer Ocean Blue - Ocean Blue, 38",sepatu futsal,ortuseight jogosala conquer
Ortuseight,"Ortuseight Sepatu Futsal Jogosala Courage Black Gold - Black Gold, 38",sepatu futsal,ortuseight jogosala courage
Ortuseight,"Ortuseight Sepatu Futsal Jogosala Crusher V2 Cloud Blue Camo - Cloud Blue Camo, 43",sepatu futsal,ortuseight jogosala crusher v2
Ortuseight,"Ortuseight Sepatu Futsal Jogosala Crusher V2 Light Grey Camo - Light Grey Camo, 37",sepatu futsal,ortuseight jogosala crusher v2
Ortuseight,"Ortuseight Sepatu Futsal Jogosala Crusher V2 White Camo - White Camo, 37",sepatu futsal,ortuseight jogosala crusher v2
Ortuseight,"Ortuseight Sepatu Futsal Jogosala POM Purist V2 Lite Leopard Camo - Leopard Camo, 45",sepatu futsal,ortuseight jogosala pom purist v2 lite
Ortuseight,"Ortuseight Sepatu Futsal Jogosala Strive All Black - All Black, 37",sepatu futsal,ortuseight jogosala strive
Ortuseight,"Ortuseight Sepatu Futsal Jogosala Strive Beige Navy - Beige Navy, 38",sepatu futsal,ortuseight jogosala strive
Ortuseight,"Ortuseight Sepatu Futsal Jogosala Strive Spring Grey Lime - Spring Grey Lime, 46",sepatu futsal,ortuseight jogosala strive
Ortuseight,"Ortuseight Sepatu Futsal Jogosala Strive White Lime - White Lime, 38",sepatu futsal,ortuseight jogosala strive
Ortuseight,"Ortuseight Sepatu Futsal Jogosala Vanquish Light Grey Ultra Teal - Lighty Grey Ultra Teal, 38",sepatu futsal,ortuseight jogosala vanquish
Ortuseight,"Ortuseight Sepatu Futsal Jogosala Vanquish Offwhite Camo - OffWhite Camo, 37",sepatu futsal,ortuseight jogosala vanquish
Ortuseight,"Ortuseight Sepatu Futsal Jogosala Vanquish White Mustard Ortrange - White Mustard Ortrange, 38",sepatu futsal,ortuseight jogosala vanquish
Ortuseight,"Ortuseight Sepatu Futsal Jogosala Victus Black Electricity - Black Electricity, 37",sepatu futsal,ortuseight jogosala victus
Ortuseight,"Ortuseight Sepatu Futsal Jogosala VIctus Vermillion Red Gold - Vermillion Red Gold, 37",sepatu futsal,ortuseight jogosala victus
Ortuseight,"Ortuseight Sepatu Futsal Jogosala Volta V2 Pistachio - Pistachio, 37",sepatu futsal,ortuseight jogosala volta v2
Ortuseight,"Ortuseight Sepatu Futsal Jogosala Volta V2 Sacramento - Sacramento, 37",sepatu futsal,ortuseight jogosala volta v3
Ortuseight,"Ortuseight Sepatu Futsal Jogosala Volta V2 Snow - Snow, 39",sepatu futsal,ortuseight jogosala volta v4
Ortuseight,"Ortuseight Sepatu Futsal Junior Catalyst Hyperion IN JR Cloud Blue Ortrange - Cloud Blue Ortrange, 33",sepatu futsal,ortuseight junior catalyst hyperion in jr
Ortuseight,"Ortuseight Sepatu Futsal Junior Catalyst Hyperion IN JR White Cyan Pink - White Cyan Pink, 33",sepatu futsal,ortuseight junior catalyst hyperion in jr
Ortuseight,"Ortuseight Sepatu Futsal Junior Catalyst Liberte V4 IN JR Silver Aqua - Silver Aqua, 33",sepatu futsal,ortuseight junior catalyst hyperion in jr
Ortuseight,"Ortuseight Sepatu Futsal Junior Catalyst Liberte V4 IN JR White Ortred - White Ortred, 33",sepatu futsal,ortuseight junior catalyst hyperion in jr
Ortuseight,"Ortuseight Sepatu Futsal Memphis IN Pistachio Teal Honey - Pistachio Teal Honey, 39",sepatu futsal,ortuseight memphis in
Ortuseight,"Ortuseight Sepatu Futsal Memphis IN White Black Blue - White Black Blue, 39",sepatu futsal,ortuseight memphis in
Ortuseight,"Ortuseight Sepatu Futsal Mirage In Aqua White - Aqua White, 38",sepatu futsal,ortuseight mirage in
Ortuseight,"Ortuseight Sepatu Futsal MIRAGE IN - BLACK GOLD - HITAM, 38",sepatu futsal,ortuseight mirage in
Ortuseight,"Ortuseight Sepatu Futsal MIRAGE IN - WHITE/GOLD - PUTIH, 39",sepatu futsal,ortuseight mirage in
Ortuseight,"Ortuseight Sepatu Futsal Olympico V3 In Cloud Blue Cyan - Cloud Blue Cyan, 37",sepatu futsal,ortuseight olympico v3 in
Ortuseight,"Ortuseight Sepatu Futsal Olympico V3 IN  Off White Gold - Off White Gold, 37",sepatu futsal,ortuseight olympico v3 in
Ortuseight,"Ortuseight Sepatu Futsal Olympico V3 IN  Silver Peach - Silver Peach, 37",sepatu futsal,ortuseight olympico v3 in
Ortuseight,"Ortuseight Sepatu Futsal Quadra In Cloud Blue Black - Cloud Blue Black, 39",sepatu futsal,ortuseight quadra in
Ortuseight,"Ortuseight Sepatu Futsal Quadra In White Black - White Black, 38",sepatu futsal,ortuseight quadra in
Ortuseight,"Ortuseight Sepatu Futsal Sirius IN Aqua White - Aqua White, 37",sepatu futsal,ortuseight sirius in
Ortuseight,"Ortuseight Sepatu Futsal Sirius IN Cyan Ortrange - Cyan Ortrange, 38",sepatu futsal,ortuseight sirius in
Ortuseight,"Ortuseight Sepatu Futsal Sirius IN White Pink - White Pink, 37",sepatu futsal,ortuseight sirius in
Ortuseight,"Ortuseight Sepatu Futsal Sophon In Black White Ultra - Black White Ultra, 39",sepatu futsal,ortuseight sophon in
Ortuseight,"Ortuseight Sepatu Futsal Sophon In White Cyan - White Cyan, 39",sepatu futsal,ortuseight sophon in
Ortuseight,"Ortuseight Sepatu Futsal Trofeo In Tosca White - Tosca White, 39",sepatu futsal,ortuseight trofeo in
Ortuseight,"Ortuseight Sepatu Futsal Trofeo In White Cyan - White Cyan, 37",sepatu futsal,ortuseight trofeo in
Ortuseight,"Ortuseight Sepatu Futsal ZENITH IN - BLACK/GREY - HITAM, 45",sepatu futsal,ortuseight zenith in
Ortuseight,"Ortuseight Sepatu Futsal Zenith In White Gold - White Gold, 39",sepatu futsal,ortuseight zenith in
Ortuseight,"Ortuseight Sepatu Mini Soccer Forte Vantage V2 TF Cyan White Camo - Cyan White Camo, 37",sepatu bola,ortuseight forte vantage v2 tf
Ortuseight,"Ortuseight Sepatu Mini Soccer Forte Vantage V2 TF White Yellow Camo - White Yellow Camo, 37",sepatu bola,ortuseight forte vantage v2 tf
Ortuseight,"Ortuseight Sepatu Running Hyperblast 2.1 Black Camo - Black Camo, 37",sepatu lari,ortuseight hyperblast 2.1
Ortuseight,"Ortuseight Sepatu Running Hyperblast 2.1 White Camo - White Camo, 36",sepatu lari,ortuseight hyperblast 2.2
Ortuseight,"Ortuseight Sepatu Running Hyperblast Encore Black White - Black White, 39",sepatu lari,ortuseight hyperblast encore
Ortuseight,"Ortuseight Sepatu Running Hyperblast Encore Cyan Camo - Cyan Camo, 40",sepatu lari,ortuseight hyperblast encore
Ortuseight,"Ortuseight Sepatu Running Hyperblast Encore Pistachio Camo - Pistachio Camo, 40",sepatu lari,ortuseight hyperblast encore
Ortuseight,"Ortuseight Sepatu Running Hyperblast Encore White Camo - White Camo, 41",sepatu lari,ortuseight hyperblast encore
Ortuseight,"Ortuseight Sepatu Running Hyperdrive 2.2 All Black - All Black, 38",sepatu lari,ortuseight hyperdrive 2.2
Ortuseight,"Ortuseight Sepatu Running Hyperdrive 2.2 All White - All White, 39",sepatu lari,ortuseight hyperdrive 2.2
Ortuseight,"Ortuseight Sepatu Running Hyperfuse 2.2 Forestgreen Ortrange - Forestgreen Ortrange, 37",sepatu lari,ortuseight hyperfuse 2.2
Ortuseight,"Ortuseight Sepatu Running Hyperfuse 2.2 Light Grey White - Light Grey White, 37",sepatu lari,ortuseight hyperfuse 2.2
Ortuseight,"Ortuseight Sepatu Running Hyperfuse 2.2 Opal Essence - Opal Essence, 39",sepatu lari,ortuseight hyperfuse 2.2
Ortuseight,"Ortuseight Sepatu Running Hyperfuse 2.2 White Ortrange - White Ortrange, 37",sepatu lari,ortuseight hyperfuse 2.2
Ortuseight,"Ortuseight Sepatu Running Hyperfuse 2.2 White Ortred - White Ortred, 37",sepatu lari,ortuseight hyperfuse 2.2
Ortuseight,"Ortuseight Sepatu Running Hyperfuse 3.0 Electricity Vermillion - Electricity Vermilion, 37",sepatu lari,ortuseight hyperfuse 3.0
Ortuseight,"Ortuseight Sepatu Running Hyperglide 3.1 Cyan White - Cyan White, 37",sepatu lari,ortuseight hyperfuse 3.1
Ortuseight,"Ortuseight Sepatu Running Hypersonic 1.3 Black Gold - Black Gold, 37",sepatu lari,ortuseight hypersonic 1.3
Ortuseight,"Ortuseight Sepatu Running Hypersonic 1.3 Neon Green Black White - Neon Green Black White, 39",sepatu lari,ortuseight hypersonic 1.3
Ortuseight,"Ortuseight Sepatu Running Hypersonic 2.0 White Ortrange - White Ortrange, 37",sepatu lari,ortuseight hypersonic 2.0
Ortuseight,"Ortuseight Sepatu Running Lunar Winter Moon - Winter Moon, 37",sepatu lari,ortuseight lunar
Ortuseight,"Ortuseight Sepatu Running Solar 1.1 White Sunrise - White Sunrise, 37",sepatu lari,ortuseight solar 1.1
Ortuseight,"Ortuseight Sepatu Running Solar Eclipse Penumbra - Eclipse, 38",sepatu lari,ortuseight solar 1.1
Ortuseight,"Ortuseight Sepatu Sepak Bola Catalyst Ballistic FG Cloud Blue Cyan - Cloud Blue Cyan, 37",sepatu bola,ortuseight catalyst ballistic fg
Ortuseight,"Ortuseight Sepatu Sepak Bola Catalyst Ballistic FG Silver Black - Silver Black, 37",sepatu bola,ortuseight catalyst ballistic fg
Ortuseight,"Ortuseight Sepatu Sepak Bola Catalyst Ballistic FG White Gold - White Gold, 37",sepatu bola,ortuseight catalyst ballistic fg
Ortuseight,"Ortuseight Sepatu Sepak Bola Catalyst Celestial FG Black Hole - Black Hole, 37",sepatu bola,ortuseight catalyst celestial fg
Ortuseight,"Ortuseight Sepatu Sepak Bola Catalyst Celestial FG Galaxy White - Galaxy White, 37",sepatu bola,ortuseight catalyst celestial fg
Ortuseight,"Ortuseight Sepatu Sepak Bola Catalyst Celestial FG Sage Ortrange - Sage Ortrange, 37",sepatu bola,ortuseight catalyst celestial fg
Ortuseight,"Ortuseight Sepatu Sepak Bola Catalyst Hyperion FG Cloud Blue Ortrange - Cloud Blue Ortrange, 37",sepatu bola,ortuseight hyperion fg
Ortuseight,"Ortuseight Sepatu Sepak Bola Catalyst Hyperion FG Indigo Pink - Indigo Pink, 37",sepatu bola,ortuseight hyperion fg
Ortuseight,"Ortuseight Sepatu Sepak Bola Catalyst Hyperion Fg Silver Ortrange - Silver Ortrange, 37",sepatu bola,ortuseight hyperion fg
Ortuseight,"Ortuseight Sepatu Sepak Bola Catalyst Hyperion FG White Cyan Pink - White Cyan Pink, 37",sepatu bola,ortuseight hyperion fg
Ortuseight,"Ortuseight Sepatu Sepak Bola Catalyst Incognity FG SE White Gold - White Gold, 44",sepatu bola,ortuseight catalyst incognity fg se
Ortuseight,"Ortuseight Sepatu Sepak Bola Catalyst Legion V4 FG Black Gold - Black Gold, 37",sepatu bola,ortuseight catalyst legion v4 fg
Ortuseight,"Ortuseight Sepatu Sepak Bola Catalyst Legion V4 FG White Black Ultra - White Black Ultra, 38",sepatu bola,ortuseight catalyst legion v4 fg
Ortuseight,"Ortuseight Sepatu Sepak Bola Catalyst Legion V4 SG SIlver Black Ultra - Silver Black Ultra, 37",sepatu bola,ortuseight catalyst legion v4 sg
Ortuseight,"Ortuseight Sepatu Sepak Bola Catalyst Legion V4 SG White Black Ultra - White Black Ultra, 37",sepatu bola,ortuseight catalyst legion v4 sg
Ortuseight,"Ortuseight Sepatu Sepak Bola Catalyst Legion V5 FG Celeste Blue White - Celeste Blue White, 37",sepatu bola,ortuseight catalyst legion v5 fg
Ortuseight,"Ortuseight Sepatu Sepak Bola Catalyst Legion V5 FG JR Celeste Blue White - Celeste Blue White, 33",sepatu bola,ortuseight catalyst legion v5 fg
Ortuseight,"Ortuseight Sepatu Sepak Bola Catalyst Legion V5 FG JR Pistachio Peach - Pistachio Peach, 33",sepatu bola,ortuseight catalyst legion v5 fg
Ortuseight,"Ortuseight Sepatu Sepak Bola Catalyst Legion V5 FG Pistachio Peach - Pistachio Peach, 37",sepatu bola,ortuseight catalyst legion v5 fg
Ortuseight,"Ortuseight Sepatu Sepak Bola Catalyst Legion V5 FG Silver Pink - Silver Pink, 37",sepatu bola,ortuseight catalyst legion v5 fg
Ortuseight,"Ortuseight Sepatu Sepak Bola Catalyst Liberte V3 FG White Cyan - White Cyan, 37",sepatu bola,ortuseight catalyst liberte v3 fg
Ortuseight,"Ortuseight Sepatu Sepak Bola Catalyst Liberte V4 FG Cyan Pink - Cyan Pink, 37",sepatu bola,ortuseight catalyst liberte v4 fg
Ortuseight,"Ortuseight Sepatu Sepak Bola Catalyst Liberte V4 FG Silver Aqua - Silver Aqua, 37",sepatu bola,ortuseight catalyst liberte v4 fg
Ortuseight,"Ortuseight Sepatu Sepak Bola Catalyst Liberte V4 FG White Ortred - White Ortred, 43",sepatu bola,ortuseight catalyst liberte v4 fg
Ortuseight,"Ortuseight Sepatu Sepak Bola Catalyst Vision V4 FG K-Lea Electricity White Ortrange - Electricity White Ortrange, 37",sepatu bola,ortuseight catalyst vision v4 fg k-lea
Ortuseight,"Ortuseight Sepatu Sepak Bola Catalyst Vision V4 FG K-Lea Ortred - Ortred, 37",sepatu bola,ortuseight catalyst vision v4 fg k-lea
Ortuseight,"Ortuseight Sepatu Sepak Bola Catalyst Vision V5 FG K-Lea Silver White - Silver White, 37",sepatu bola,ortuseight catalyst vision v5 fg k-lea
Ortuseight,"Ortuseight Sepatu Sepak Bola Catalyst Vision V5 FG K-Lea White Ortred Blue - White Ortred Blue, 38",sepatu bola,ortuseight catalyst vision v5 fg k-lea
Ortuseight,"Ortuseight Sepatu Sepak Bola Catalyst Weave Fg Aqua White - Aqua White, 37",sepatu bola,ortuseight catalyst weave fg
Ortuseight,"Ortuseight Sepatu Sepak Bola Catalyst Weave FG White Ortrange - White Ortrange, 38",sepatu bola,ortuseight catalyst weave fg
Ortuseight,"Ortuseight Sepatu Sepak Bola Children Catalyst Liberte V4 FG CH Silver Aqua - Silver Aqua, 29",sepatu bola,ortuseight children catalyst liberte v4 fg ch
Ortuseight,"Ortuseight Sepatu Sepak Bola Children Catalyst Liberte V4 FG CH White Ortred - White Ortred, 29",sepatu bola,ortuseight children catalyst liberte v4 fg ch
Ortuseight,"Ortuseight Sepatu Sepak Bola El Tiburon v3 FG White Bronze - White Bronze, 37",sepatu bola,ortuseight el tiburon v3 fg
Ortuseight,"Ortuseight Sepatu Sepak Bola Forte Ascalon FG Cyan Lime - Cyan Lime, 37",sepatu bola,ortuseight forte ascalon fg
Ortuseight,"Ortuseight Sepatu Sepak Bola Forte Ascalon Fg Peach Lime - Peach Lime, 37",sepatu bola,ortuseight forte ascalon fg
Ortuseight,"Ortuseight Sepatu Sepak Bola Forte Axiom FG Black White - Black White, 37",sepatu bola,ortuseight forte axiom fg
Ortuseight,"Ortuseight Sepatu Sepak Bola Forte Axiom Fg Ortred Gold - Ortred Gold, 37",sepatu bola,ortuseight forte axiom fg
Ortuseight,"Ortuseight Sepatu Sepak Bola Forte Axiom FG Silver Pink - Silver Pink, 37",sepatu bola,ortuseight forte axiom fg
Ortuseight,"Ortuseight Sepatu Sepak Bola Forte Axiom FG White Gold - White Gold, 37",sepatu bola,ortuseight forte axiom fg
Ortuseight,"Ortuseight Sepatu Sepak Bola Forte Savage V3 Fg Lime White - Lime White, 38",sepatu bola,ortuseight forte savage v3 fg
Ortuseight,"Ortuseight Sepatu Sepak Bola Forte Vantage V2 FG Black Purple - Black Purple, 37",sepatu bola,ortuseight forte vantage v2 fg
Ortuseight,"Ortuseight Sepatu Sepak Bola Forte Vantage V2 FG Cyan White - Cyan White, 37",sepatu bola,ortuseight forte vantage v2 fg
Ortuseight,"Ortuseight Sepatu Sepak Bola Forte Vantage V2 FG White Yellow - White Yellow, 37",sepatu bola,ortuseight forte vantage v2 fg
Ortuseight,"Ortuseight Sepatu Sepak Bola Havoc FG Black White Ortred - Black White Ortred, 37",sepatu bola,ortuseight havoc fg
Ortuseight,"Ortuseight Sepatu Sepak Bola Havoc FG Grey Ortrange - Grey Ortrange, 38",sepatu bola,ortuseight havoc fg
Ortuseight,"Ortuseight Sepatu Sepak Bola Havoc FG Navy White Pink - Navy White Pink, 37",sepatu bola,ortuseight havoc fg
Ortuseight,"Ortuseight Sepatu Sepak Bola Havoc FG White Yellow Aqua - White Yellow Aqua, 37",sepatu bola,ortuseight havoc fg
Ortuseight,"Ortuseight Sepatu Sepak Bola HORIZON FG - AQUA/LIME/WHITE - HIJAU, 43",sepatu bola,ortuseight horizon fg
Ortuseight,"Ortuseight Sepatu Sepak Bola HORIZON FG - BLACK/SILVER - HITAM, 41",sepatu bola,ortuseight horizon fg
Ortuseight,"Ortuseight Sepatu Sepak Bola Horizon FG Scarlet Black White - Scarlet Black White, 41",sepatu bola,ortuseight horizon fg
Ortuseight,"Ortuseight Sepatu Sepak Bola HORIZON FG - WHITE/CYAN/ORTRANGE - PUTIH, 43",sepatu bola,ortuseight horizon fg
Ortuseight,"Ortuseight Sepatu Sepak Bola Junior Catalyst Hyperion FG JR Cloud Blue Ortrange - Cloud Blue Ortrange, 34",sepatu bola,ortuseight junior catalyst hyperion fg jr
Ortuseight,"Ortuseight Sepatu Sepak Bola Junior Catalyst Hyperion FG JR White Cyan Pink - White Cyan Pink, 33",sepatu bola,ortuseight junior catalyst hyperion fg jr
Ortuseight,"Ortuseight Sepatu Sepak Bola Junior Catalyst Liberte V4 FG JR Silver Aqua - Silver Aqua, 34",sepatu bola,ortuseight junior catalyst liberte v4 fg jr
Ortuseight,"Ortuseight Sepatu Sepak Bola Junior Catalyst Liberte V4 FG JR White Ortred - White Ortred, 33",sepatu bola,ortuseight junior catalyst liberte v4 fg jr
Ortuseight,"Ortuseight Sepatu Sepak Bola Mirage Fg Aqua White - Aqua White, 43",sepatu bola,ortuseight mirage fg
Ortuseight,"Ortuseight Sepatu Sepak Bola MIRAGE FG - WHITE/GOLD - PUTIH, 42",sepatu bola,ortuseight mirage fg
Ortuseight,"Ortuseight Sepatu Sepak Bola Olympico V3 Fg Cloud Blue Cyan - Cloud Blue Cyan, 37",sepatu bola,ortuseight olympico v3 fg
Ortuseight,"Ortuseight Sepatu Sepak Bola Olympico V3 FG  Off White Gold - Off White Gold, 37",sepatu bola,ortuseight olympico v3 fg
Ortuseight,"Ortuseight Sepatu Sepak Bola Olympico V3 FG  Silver Peach - Silver Peach, 37",sepatu bola,ortuseight olympico v3 fg
Ortuseight,"Ortuseight Sepatu Sepak Bola Quadra Fg Aqua White - Aqua White, 38",sepatu bola,ortuseight quadra fg
Ortuseight,"Ortuseight Sepatu Sepak Bola Quadra Fg Cloud Blue Black - Cloud Blue Black, 38",sepatu bola,ortuseight quadra fg
Ortuseight,"Ortuseight Sepatu Sepak Bola Quadra Fg White Black - White Black, 38",sepatu bola,ortuseight quadra fg
Ortuseight,"Ortuseight Sepatu Sepak Bola Sirius FG  Aqua White - Aqua White, 38",sepatu bola,ortuseight sirius fg
Ortuseight,"Ortuseight Sepatu Sepak Bola Sirius FG Black Gold - Black Gold, 37",sepatu bola,ortuseight sirius fg
Ortuseight,"Ortuseight Sepatu Sepak Bola Sirius FG Cyan Ortrange - Cyan Ortrange, 38",sepatu bola,ortuseight sirius fg
Ortuseight,"Ortuseight Sepatu Sepak Bola Sirius FG White Pink - White Pink, 37",sepatu bola,ortuseight sirius fg
Ortuseight,"Ortuseight Sepatu Sepak Bola Sophon Fg Black White Ultra - Black White Ultra, 37",sepatu bola,ortuseight sophon fg
Ortuseight,"Ortuseight Sepatu Sepak Bola Sophon Fg White Cyan - White Cyan, 37",sepatu bola,ortuseight sophon fg
Ortuseight,"Ortuseight Sepatu Sepak Bola Trofeo Fg Tosca White - Tosca White, 41",sepatu bola,ortuseight trofeo fg
Ortuseight,"Ortuseight Sepatu Sepak Bola Trofeo Fg White Cyan - White Cyan, 39",sepatu bola,ortuseight trofeo fg
Ortuseight,"Ortuseight Sepatu Sepak Bola Zenith Fg White Gold - White Gold, 43",sepatu bola,ortuseight zenith fg white gold
Ortuseight,"Ortuseight Sepatu Sneakers Berlin Beige - Beige, 42",sepatu lifestyle,ortuseight berlin
Ortuseight,"Ortuseight Sepatu Sneakers Berlin Black - Black, 37",sepatu lifestyle,ortuseight berlin
Ortuseight,"Ortuseight Sepatu Sneakers Berlin Walnut Fern Green - Walnut Fern Green, 37",sepatu lifestyle,ortuseight berlin
Ortuseight,"Ortuseight Sepatu Sneakers Berlin White - White, 37",sepatu lifestyle,ortuseight berlin
Ortuseight,"Ortuseight Sepatu Sneakers Boston Moon Stone - Moon Stone, 41",sepatu lifestyle,ortuseight boston
Ortuseight,"Ortuseight Sepatu Sneakers Boston Moss Green - Moss Green, 38",sepatu lifestyle,ortuseight boston
Ortuseight,"Ortuseight Sepatu Sneakers Brisbane All Black - All Black, 39",sepatu lifestyle,ortuseight brisbane
Ortuseight,"Ortuseight Sepatu Sneakers Brisbane Snow - Snow, 40",sepatu lifestyle,ortuseight brisbane
Ortuseight,"Ortuseight Sepatu Sneakers Bristol 1.2 Ash Grey - Ash Grey, 39",sepatu lifestyle,ortuseight bristol 1.2
Ortuseight,"Ortuseight Sepatu Sneakers Bristol 1.2 Beige - Beige, 42",sepatu lifestyle,ortuseight bristol 1.2
Ortuseight,"Ortuseight Sepatu Sneakers Brussels Black - Black, 40",sepatu lifestyle,ortuseight brussels
Ortuseight,"Ortuseight Sepatu Sneakers Brussels Grey - Grey, 37",sepatu lifestyle,ortuseight brussels
Ortuseight,"Ortuseight Sepatu Sneakers Brussels Macchiato - Macchiato, 39",sepatu lifestyle,ortuseight brussels
Ortuseight,"Ortuseight Sepatu Sneakers Concord Black Grey - Black Grey, 37",sepatu lifestyle,ortuseight concord
Ortuseight,"Ortuseight Sepatu Sneakers Concord Light Grey Black - Light Grey Black, 37",sepatu lifestyle,ortuseight concord
Ortuseight,"Ortuseight Sepatu Sneakers Corby Beige - Beige, 37",sepatu lifestyle,ortuseight corby
Ortuseight,"Ortuseight Sepatu Sneakers Corby Black - Black, 39",sepatu lifestyle,ortuseight corby
Ortuseight,"Ortuseight Sepatu Sneakers Corby Grey - Grey, 39",sepatu lifestyle,ortuseight corby
Ortuseight,"Ortuseight Sepatu Sneakers Forrest V1 Petrichor - Petrichor, 39",sepatu lifestyle,ortuseight forrest v1
Ortuseight,"Ortuseight Sepatu Sneakers Hyperblast Encore SL Dark Coal - Dark Coal, 39",sepatu lifestyle,ortuseight hyperblast encore sl
Ortuseight,"Ortuseight Sepatu Sneakers Hyperblast Encore SL Moon Stone - Moon Stone, 40",sepatu lifestyle,ortuseight hyperblast encore sl
Ortuseight,"Ortuseight Sepatu Sneakers Invaders Encore All Black - All Black, 37",sepatu lifestyle,ortuseight invaders encore
Ortuseight,"Ortuseight Sepatu Sneakers Omega All Black - All Black, 39",sepatu lifestyle,ortuseight omega
Ortuseight,"Ortuseight Sepatu Sneakers Omega Black White - Black White, 42",sepatu lifestyle,ortuseight omega
Ortuseight,"Ortuseight Sepatu Sneakers Omega Navy - Navy, 37",sepatu lifestyle,ortuseight omega
Ortuseight,"Ortuseight Sepatu Sneakers PHYTON - ALL BLACK - HITAM, 37",sepatu lifestyle,ortuseight phyton
Ortuseight,"Ortuseight Sepatu Sneakers PHYTON - BLACK/WHITE - HITAM, 37",sepatu lifestyle,ortuseight phyton
Ortuseight,"Ortuseight Sepatu Trail Run Shkhara Olive Pine - Olive Pine, 39",sepatu lari,ortuseight shkhara
Ortuseight,"Ortuseight Sepatu Trail Run Sierra Forest Green Ortrange - Forest Green Ortrange, 39",sepatu lari,ortuseight shkhara
Ortuseight,"Ortuseight Sepatu Trail Run Sierra Smoke Green Mustard - Smoke Green Mustard, 42",sepatu lari,ortuseight sierra
Ortuseight,"Sepatu Futsal Junior Catalyst Legion V5 IN JR Celeste Blue White - Celeste Blue White, 33",sepatu futsal,ortuseight junior catalyst legion v5 in jr
Ortuseight,"Sepatu Futsal Junior Sirius IN JR Black Gold - Black Gold, 33",sepatu futsal,ortuseight junior sirius in jr
Ortuseight,"Sepatu Sepak Bola Catalyst Liberte V4 FG Salmon Lime - Salmon Lime, 37",sepatu bola,ortuseight catalyst liberte v4 fg
Ortuseight,"Sepatu Sepak Bola Junior Sirius FG JR Black Gold - Black Gold, 33",sepatu bola,ortuseight junior sirius fg jr
Mills,"MILLS Sepatu Dexter Black / Black 9701802 - BLACK/BLACK, 37",sepatu lifestyle,mills dexter
Mills,"MILLS Sepatu Dexter Black / White 9701801 - BLACK/WHITE, 36",sepatu lifestyle,mills dexter
Mills,"MILLS Sepatu Evander Black/Dark Grey/Red 9700803 - Black/ Dk.Grey/Red, 36",sepatu lifestyle,mills evander
Mills,"MILLS Sepatu Evander Black/White 9700802 - Black/White, 36",sepatu lifestyle,mills evander
Mills,"MILLS Sepatu Futsal Blazar IN White / Gold 9403803 - White/Gold, 41",sepatu futsal,mills blazar
Mills,"MILLS Sepatu Futsal Blazar IN White / Magenta 9403804 - WHITE/MAGENTA, 45",sepatu futsal,mills blazar
Mills,"MILLS SEPATU FUTSAL ENZO IN BLUE/WHITE 9405302 - BLUE/WHITE, 38",sepatu futsal,mills enzo
Mills,"MILLS SEPATU FUTSAL ENZO IN WHITE/GOLD 9405304 - WHITE/GOLD, 38",sepatu futsal,mills enzo
Mills,"MILLS SEPATU FUTSAL ENZO TURF BLACK/DARK.GREY/GOLD 9003701 - BLACK/DGRY/GLD, 38",sepatu futsal,mills enzo
Mills,"MILLS SEPATU FUTSAL ENZO TURF BLUE/WHITE 9003702 - BLUE/WHITE, 38",sepatu futsal,mills enzo
Mills,"MILLS SEPATU FUTSAL ENZO TURF WHITE/GOLD 9003704 - WHITE/GOLD, 38",sepatu futsal,mills enzo
Mills,"MILLS SEPATU FUTSAL ESPADA IN GREEN/YELLOW/PURPLE 9403601 - GREEN/YLL/PRPL, 41",sepatu futsal,mills espada
Mills,"MILLS SEPATU FUTSAL ESPADA IN WARM.RED/YELLOW/BLACK 9403605 - WARMR/YL/BL, 41",sepatu futsal,mills espada
Mills,"MILLS Sepatu Futsal Flame 2.0 IN Black / Flame. Red / White 9403902 - Blk/FlRd/Wht, 41",sepatu futsal,mills flame 2.0
Mills,"MILLS Sepatu Futsal Flame 2.0 IN Navy / Flame. Red / White 9403903 - Nvy/FlRd/Wht, 41",sepatu futsal,mills flame 2.0
Mills,"MILLS Sepatu Futsal Gladion IN Cyan / Violet / Pink 9403704 - Cyn/Vlt/Pnk, 41",sepatu futsal,mills gladion
Mills,"MILLS Sepatu Futsal Gladion IN Purple / Violet / Cyan 9403703 - Purple/Violet/Cyan, 45",sepatu futsal,mills gladion
Mills,"MILLS Sepatu Futsal Gladion IN White / LT Grey / Gold 9403702 - White/LTGrey/Gold, 44",sepatu futsal,mills gladion
Mills,"MILLS Sepatu Futsal Helios Prime Turf White / Neon Green 9001404 - WHITE/NEON.GREEN, 38",sepatu futsal,mills helios
Mills,"MILLS Sepatu Futsal Helios Turf Beige / Bright Red 9001301 - Beige/BrgRed, 39",sepatu futsal,mills helios
Mills,"MILLS Sepatu Futsal Helios Turf Sky Blue / Magenta 9001302 - SkyBlue/Mgnt, 39",sepatu futsal,mills helios
Mills,"MILLS SEPATU FUTSAL OXY IN JR - NAVY/MAGENTA - 9801103 - NAVY/MAGENTA, 33",sepatu futsal,mills oxy
Mills,"MILLS SEPATU FUTSAL RIYU IN DK.PINE/FROST.GREEN/WHITE 9404401 - DK.PINE/FR.GR/W, 41",sepatu futsal,mills riyu
Mills,"MILLS Sepatu Futsal Triton Deisler 1.2 Prime IN Coral Red / Black 9403403 - CrlRed/Blck, 38",sepatu futsal,mills triton deisler 1.2
Mills,"MILLS Sepatu Futsal Triton Deisler 1.2 Prime IN Sulphur. Neon / Magenta / LT. Blue 9403401 - SLPRNEON/MGNT/LTBLUE, 45",sepatu futsal,mills triton deisler 1.2
Mills,"MILLS SEPATU FUTSAL TRITON DEISLER 1.9 MATCH TURF JADE GREEN/BLACK - 9005501 - JadeGreen/Black, 38",sepatu futsal,mills triton deisler 1.9
Mills,"MILLS SEPATU FUTSAL TRITON DEISLER 1.9 MATCH TURF WHITE/NAVY/MULTICOLOR 9005504 - White/Navy/Multicolor, 38",sepatu futsal,mills triton deisler 1.9
Mills,"MILLS Sepatu Futsal Troya Chaos Turf Tosca / Magenta / White 9001102 - TOSCA/MAGENTA/WHITE, 39",sepatu futsal,mills troya chaos
Mills,"MILLS SEPATU FUTSAL VOLTASALA ALVEZ DK.PURPLE/MAGENTA 9501801 - DKPURPLE/MGTA, 38",sepatu futsal,mills voltasala alvez
Mills,"MILLS SEPATU FUTSAL VOLTASALA ALVEZ TF DK.PURPLE/MAGENTA 9005601 - DKPURPLE/MGNT, 38",sepatu futsal,mills voltasala alvez
Mills,"MILLS SEPATU FUTSAL VOLTASALA ALVEZ TF WHITE/BLACK/GOLD 9005603 - WHITE/BLCK/GLD, 38",sepatu futsal,mills voltasala alvez
Mills,"MILLS Sepatu Futsal Voltasala Gerona Dk. Green / White / Gum 9500603 - Dk.Green/White/Gum, 45",sepatu futsal,mills voltasala gerona
Mills,"MILLS Sepatu Futsal Voltasala Mirage Academy Pack All Black 9501501 - All Black, 45",sepatu futsal,mills voltasala mirage
Mills,"MILLS Sepatu Futsal Voltasala Mirage Academy Pack All White 9501503 - All White, 45",sepatu futsal,mills voltasala mirage
Mills,"MILLS Sepatu Futsal Voltasala Mirage Academy Pack Black / White 9501502 - Black / White, 45",sepatu futsal,mills voltasala mirage
Mills,"MILLS SEPATU FUTSAL VOLTASALA MIRAGE BEIGE/GUM/BLUE ATOLL 9502101 - BEIGE/GUM/BLUE A, 45",sepatu futsal,mills voltasala mirage
Mills,"MILLS SEPATU FUTSAL VOLTASALA MIRAGE GREY/BLACK 9502102 - GREY/BLACK, 44",sepatu futsal,mills voltasala mirage
Mills,"MILLS SEPATU FUTSAL VOLTASALA MIRAGE WHITE/BLACK/GUM 9502103 - WHITE/BLACK/GUM, 38",sepatu futsal,mills voltasala mirage
Mills,"MILLS SEPATU FUTSAL VOLTASALA PRO APEX BBS ELITE PACK WINTER.WHITE/ORANGE/BLUE/BLACK 9501706 - WINTER.W/O/B/BL, 39",sepatu futsal,mills voltasala pro apex
Mills,MILLS Sepatu Futsal Voltasala Pro Apex BBS Elite Spare Mint / Black / Magenta / Blue 9501703 - 39,sepatu futsal,mills voltasala pro apex
Mills,"MILLS Sepatu Futsal Voltasala Pro Apex BBS Elite White / Royal Blue / Magenta 9501701 - Wht/RBl/Mgnt, 39",sepatu futsal,mills voltasala pro apex
Mills,"MILLS Sepatu Futsal Voltasala Pro Leon Lea Pine.Green / DK. Green / Cream 9500506 - PINEGREEN/DKGREEN/CREAM, 38",sepatu futsal,mills voltasala pro leon
Mills,"MILLS Sepatu Futsal Voltasala Pro Leon Lea Tosca / White / Magenta 9500507 - Tsc/Wht/Mgn, 41",sepatu futsal,mills voltasala pro leon
Mills,"MILLS Sepatu Futsal Voltasala Pro Mephisto Off. White / Neon / Black 9501402 - OffWhite/Neon/Black, 45",sepatu futsal,mills voltasala pro mephisto
Mills,"MILLS SEPATU FUTSAL VOLTASALA PRO NEMESIS BLACK/CORAL.SURG/GREEN 9500901 - BLACK/COSURG/GRN, 38",sepatu futsal,mills voltasala pro nemesis
Mills,"MILLS Sepatu Futsal Voltasala Pro Nemesis Turf Beige / Pink / LT Blue 9001502 - Bge/Pnk/LBlu, 41",sepatu futsal,mills voltasala pro nemesis
Mills,"MILLS Sepatu Futsal Voltasala Pro Nemesis Turf Neon / White / Ocean Blue 9001503 - Neon/Wht/OBlu, 39",sepatu futsal,mills voltasala pro nemesis
Mills,"MILLS Sepatu Futsal Voltasala Pro Nemesis Turf Sky Blue / Black / Soft Pink 9001501 - SBlu/Blk/SPnk, 39",sepatu futsal,mills voltasala pro nemesis
Mills,"MILLS SEPATU FUTSAL VOLTASALA PRO NEMESIS WHITE/NAVY/SOFT.BLUE 9500907 - WHITE/NAVY/SOFT.BLUE, 43",sepatu futsal,mills voltasala pro nemesis
Mills,"MILLS Sepatu Futsal Voltasala Vista Flame Albagir White/Blue/Tosca 9501601 - WHITE/BLUE/TOSCA, 45",sepatu futsal,mills voltasala vista flame
Mills,"MILLS SEPATU FUTSAL VONIX IN DK.PURPLE/COOL.BLUE/VIOLET 9403504 - DK.PURPLE/C.B/V, 42",sepatu futsal,mills vonix
Mills,"MILLS SEPATU FUTSAL VONIX IN JR TOSCA/MAGENTA 9800903 - Tsca/Mgnt, 33",sepatu futsal,mills vonix
Mills,"MILLS SEPATU FUTSAL VONIX IN JR TURQOUISE/WHITE 9801703 - Trqs/Wht, 33",sepatu futsal,mills vonix
Mills,"MILLS SEPATU FUTSAL VONIX IN JR WHITE/OCEANBLUE  9800901 - Wht/OcnBlue, 33",sepatu futsal,mills vonix
Mills,"MILLS SEPATU FUTSAL VONIX IN VONIX IN WHITE/GOLD 9403503 - WHITE/GOLD, 45",sepatu futsal,mills vonix
Mills,"MILLS SEPATU FUTSAL VONIX IN WHITE/MAGENTA/LT.BLUE 9403506 - WHITE/MGT/LT.B, 45",sepatu futsal,mills vonix
Mills,"MILLS SEPATU FUTSAL VONIX IN WHITE/OCEAN.BLUE 9403501 - WHITE/OCEAN.BLUE, 45",sepatu futsal,mills vonix
Mills,"MILLS SEPATU FUTSAL XENON IN JR LIME.GREEN/SKY.BLUE 9801602 - LIME.GRN/S.BLUE, 33",sepatu futsal,mills xenon
Mills,"MILLS SEPATU FUTSAL XENON IN JR WHITE/LIME.GREEN 9801603 - WHITE/LIME.GRN, 33",sepatu futsal,mills xenon
Mills,"MILLS SEPATU FUTSAL XENON IN JR WHITE/TURQUOUISE 9801604 - WHITE/TURQUOUISE, 33",sepatu futsal,mills xenon
Mills,"MILLS SEPATU FUTSAL XENON IN LIME.GREEN/SKY.BLUE 9401607 - LIMEGREEN/SKYBLUE, 42",sepatu futsal,mills xenon
Mills,"MILLS Sepatu Futsal Xenon In Magenta / Turquoise 9401632 - MAGENTA/TURQUOISE, 45",sepatu futsal,mills xenon
Mills,"MILLS SEPATU FUTSAL XENON IN WHITE/LIME.GREEN 9401608 - WHITE/LIMEGREEN, 42",sepatu futsal,mills xenon
Mills,"MILLS Sepatu Futsal Xenon In White / Turquoise 9401633 - WHITE/TURQUOISE, 45",sepatu futsal,mills xenon
Mills,"MILLS Sepatu Futsal Xyclops ACG MK II Prime In Phantom. Black / Spectra. Green 9402702 - PHANTOMBLACK/SPECTRAGREEN, 45",sepatu futsal,mills xyclops acg mk ii prime
Mills,"MILLS Sepatu Futsal Xyclops ACG MK II Prime In White / Spectra. Green 9402701 - WHITE/SPECTRAGREEN, 45",sepatu futsal,mills xyclops acg mk ii prime
Mills,"MILLS Sepatu Futsal Xyclops ACG MK II Prime Turf Phantom. Black / Spectra. Green 9001202 - PhantomBlck/SpctrGrn, 38",sepatu futsal,mills xyclops acg mk ii prime
Mills,"MILLS Sepatu Futsal Xyclops ACG MK II Prime Turf White / Spectra. Green 9001201 - WHITE/SPECTREAGREEN, 38",sepatu futsal,mills xyclops acg mk ii prime
Mills,"MILLS Sepatu Futsal Xyclops Helios IN Beige / Bright Red 9404001 - Beige/BrgRed, 41",sepatu futsal,mills xyclops helios
Mills,"MILLS Sepatu Futsal Xyclops Helios IN White / Silver 9404004 - Wht/Slvr, 41",sepatu futsal,mills xyclops helios
Mills,"MILLS Sepatu Futsal Xyclops Helios Match In Bright Red / White / Orange 9405701 - BrgRd/Wht/Org, 38",sepatu futsal,mills xyclops helios
Mills,"MILLS Sepatu Futsal Xyclops Helios Match In Soft Green / Orange 9405703 - SftGrn/Org, 38",sepatu futsal,mills xyclops helios
Mills,"MILLS Sepatu Futsal Xyclops Helios Match In White / Neon Green 9405704 - White/NeonGreen, 38",sepatu futsal,mills xyclops helios
Mills,"MILLS SEPATU FUTSAL XYCLOPS HELIOS PRIME IN WHITE/NEON.GREEN 9405804 - WHITE/NEON.GRN, 38",sepatu futsal,mills xyclops helios
Mills,"MILLS Sepatu Futsal Xyclops Inferno IN LT. Blue / Blue / Yellow 9403202 - LTBlue/Blue/Yellow, 45",sepatu futsal,mills xyclops inferno
Mills,"MILLS Sepatu Futsal Xyclops Inferno IN Red / Black / Gold 9403201 - Red/Black/Gold, 44",sepatu futsal,mills xyclops inferno
Mills,"MILLS SEPATU FUTSAL XYCLOPS KALDERA IN BLUE/CYAN/MAGENTA 9400603 - BLUE/CYAN/MGNT, 38",sepatu futsal,mills xyclops kaldera
Mills,"MILLS SEPATU FUTSAL XYCLOPS KALDERA IN TOSCA/TEAL/MAGENTA 9400604 - TOSCA/TEAL/MGNT, 43",sepatu futsal,mills xyclops kaldera
Mills,"MILLS Sepatu Futsal Xyclops Kaldera IN White / Green / Gold 9400602 - WHITE/GREEN/GOLD, 45",sepatu futsal,mills xyclops kaldera
Mills,"MILLS SEPATU FUTSAL XYCLOPS KALDERA TURF BLUE/CYAN/MAGENTA 9001601 - BLUE/CYAN/MGNTA, 41",sepatu futsal,mills xyclops kaldera
Mills,"MILLS SEPATU FUTSAL XYCLOPS KALDERA TURF TOSCA/TEAL/MAGENTA 9001602 - TOSCA/TEAL/MGNTA, 41",sepatu futsal,mills xyclops kaldera
Mills,"MILLS SEPATU FUTSAL XYCLOPS WILDBLAST RS IN GREEN/NAVY/MAGENTA 9404301 - GREEN/NVY/MGTA, 42",sepatu futsal,mills xyclops wildblast
Mills,"MILLS SEPATU FUTSAL XYCLOPS WILDBLAST RS IN WHITE/NAVY/MAGENTA 9404303 - WHITE/NVY/MGTA, 41",sepatu futsal,mills xyclops wildblast
Mills,"MILLS SEPATU FUTSAL XYCLOPS XTREME IN GREEN/CREAM/BLACK 9404101 - GREEN/CREAM/BK, 38",sepatu futsal,mills xyclops xtreme
Mills,"MILLS SEPATU FUTSAL XYCLOPS XTREME IN MAGENTA/YELLOW/WHITE 9404102 - MAGENTA/YLLW/WT, 39",sepatu futsal,mills xyclops xtreme
Mills,"MILLS SEPATU LARI RUNNING ENERSTRIKE ZENITH LT.JADE/PINE.GREEN/WHITE 9104302 - LT.JADE/PGRN/WT, 41",sepatu lari,mills enerstrike zenith
Mills,"MILLS SEPATU LARI RUNNING ENERSTRIKE ZENITH WHITE/MAGENTA/ORANGE/BLACK 9104303 - Wht/Mgnt/Org/Blk, 40",sepatu lari,mills enerstrike zenith
Mills,"Mills Sepatu Lari Running Shoes Delta Navy / White 9105702 - Navy/White, 38",sepatu lari,mills delta
Mills,"Mills Sepatu Lari Running Shoes Delta Olive / Antique White 9105703 - Olv/AtqWht, 38",sepatu lari,mills delta
Mills,"Mills Sepatu Lari Running Shoes Delta Triple Black 9105704 - TrplBlk, 38",sepatu lari,mills delta
Mills,"Mills Sepatu Lari Running Shoes Delta White / Black 9105705 - Wht/Blk, 38",sepatu lari,mills delta
Mills,"Mills Sepatu Lari Running Shoes Dynaplate Fineknit Black / DK Grey / White 9103601 - Blk/DGry/Wht, 38",sepatu lari,mills dynaplate fineknit
Mills,"Mills Sepatu Lari Running Shoes Dynaplate Fineknit DK Grey / Orange / White 9103603 - DGry/Org/Wht, 38",sepatu lari,mills dynaplate fineknit
Mills,"MILLS SEPATU LARI RUNNING SHOES ENERCHARGE M1 NEON.LIME/POSEIDON.BLUE/TURQOUISE 9105301 - NEON LIME/PB/TRQ, 39",sepatu lari,mills enercharge m1
Mills,"MILLS SEPATU LARI RUNNING SHOES ENERCHARGE M1 PASTEL JADE/ORANGE/NEON YELLOW 9105302 - PstlJd/Org/NYllw, 39",sepatu lari,mills enercharge m1
Mills,"MILLS SEPATU LARI RUNNING SHOES ENERCHARGE M1 WHITE/BLACK 9105303 - WHITE/BLACK, 38",sepatu lari,mills enercharge m1
Mills,"MILLS SEPATU LARI RUNNING SHOES ENERCHARGE M1 WHITE/OCEAN.BLUE/NEON.LIME 9105304 - WHITE/O.BL/N.LM, 39",sepatu lari,mills enercharge m1
Mills,"Mills Sepatu Lari Running Shoes Enermax Cushion M2 Cool Blue / Navy / White 9104001 - CBl/Nvy/Wht, 36",sepatu lari,mills enermax cushion m2
Mills,"Mills Sepatu Lari Running Shoes Enermax Cushion M2 Jade / Black / Off White / Red 9104002 - Jd/Blk/OWht/Rd, 36",sepatu lari,mills enermax cushion m2
Mills,"Mills Sepatu Lari Running Shoes Enermax Cushion M2 White / Pine Green / Purple 9104004 - Wht/PGrn/Prpl, 36",sepatu lari,mills enermax cushion m2
Mills,"Mills Sepatu Lari Running Shoes Enermax Dynaplate Black / DK Grey 9100702 - Blk/DGry, 36",sepatu lari,mills enermax dynaplate
Mills,"MILLS SEPATU LARI RUNNING SHOES ENERMAX DYNAPLATE MAGENTA/BLACK/ORANGE 9100708 - MAGENTA/BLK/OR, 37",sepatu lari,mills enermax dynaplate
Mills,"Mills Sepatu Lari Running Shoes Enermax Dynaplate Morph Black / Red / Blue / White 9104801 - Blk/Red/Bl/Wht, 36",sepatu lari,mills enermax dynaplate
Mills,"Mills Sepatu Lari Running Shoes Enermax Flasma Superman Pack White / Blue / Red 9102304 - Wht/Blu/Red, 39",sepatu lari,mills enermax flasma superman
Mills,"Mills Sepatu Lari Running Shoes Enermax Nanoknit  Black / DK Grey 9103104 - Black/DKGrey, 36",sepatu lari,mills enermax nanoknit
Mills,"MILLS SEPATU LARI RUNNING SHOES ENERMAX NANOKNIT BLUE/CYAN/WHITE 9105101 - BLUE/CYAN/WHITE, 36",sepatu lari,mills enermax nanoknit
Mills,"Mills Sepatu Lari Running Shoes Enermax Nanoknit  Green / Black / White 9103105 - Green/Black/White, 39",sepatu lari,mills enermax nanoknit
Mills,"MILLS SEPATU LARI RUNNING SHOES ENERMAX NANOKNIT GREY/BLACK 9105102 - GREY/BLACK, 36",sepatu lari,mills enermax nanoknit
Mills,"Mills Sepatu Lari Running Shoes Enermax Nanoknit LT Blue / Orange / White 9103101 - LTBLUE/ORANGE/WHITE, 41",sepatu lari,mills enermax nanoknit
Mills,"MILLS SEPATU LARI RUNNING SHOES ENERMAX NANOKNIT WHITE/CYAN/NAVY 9105103 - WHITE/CYAN/NAVY, 36",sepatu lari,mills enermax nanoknit
Mills,"Mills Sepatu Lari Running Shoes Enermax Nanoknit  White / Green / Turquoise 9103107 - Wht/Grn/Trqs, 41",sepatu lari,mills enermax nanoknit
Mills,"MILLS SEPATU LARI RUNNING SHOES ENERMAX NANOKNIT WHITE/PURPLE/ORANGE 9105104 - WHITE/PURPLE/OR, 36",sepatu lari,mills enermax nanoknit
Mills,"Mills Sepatu Lari Running Shoes Enermax Stream DK Grey / Orange / White 9103204 - DGry/Org/Wht, 38",sepatu lari,mills enermax stream
Mills,"Mills Sepatu Lari Running Shoes Enermax Stream Turquoise / Pink / Blue 9103205 - Trq/Pink/Blue, 41",sepatu lari,mills enermax stream
Mills,"Mills Sepatu Lari Running Shoes Enermax Tycoon LT Blue / Orange / White 9102702 - LBlu/Org/Wht, 37",sepatu lari,mills enermax tycoon
Mills,Mills Sepatu Lari Running Shoes Enermax Tycoon Magenta / White / Neon.Green 9102703 - 41,sepatu lari,mills enermax tycoon
Mills,"Mills Sepatu Lari Running Shoes Enermax Tycoon Tosca / Orange / White 9102705 - Tsca/Org/Wht, 41",sepatu lari,mills enermax tycoon
Mills,"Mills Sepatu Lari Running Shoes Enerstrike Blitz Black / Grey / Off White 9104101 - Blk/Gry/OWht, 38",sepatu lari,mills enerstrike blitz
Mills,"MILLS SEPATU LARI RUNNING SHOES ENERSTRIKE BLITZ DK.GREEN/LIME/OFF.WHITE 9104102 - DK.GREEN/LM/OWTE, 39",sepatu lari,mills enerstrike blitz
Mills,"MILLS SEPATU LARI RUNNING SHOES ENERSTRIKE BLITZ  LT.BLUE/ORANGE/WHITE 9104103 - LTBLUE/ORG/WTE, 39",sepatu lari,mills enerstrike blitz
Mills,"MILLS SEPATU LARI RUNNING SHOES ENERSTRIKE BLITZ M2 LT.GREY/OCEAN.BLUE/NEON.LIME 9104108 - LT.GREY/OC.BL/NE.LM, 38",sepatu lari,mills enerstrike blitz
Mills,"Mills Sepatu Lari Running Shoes Enerstrike Blitz White / Magenta / LT Blue 9104104 - Wht/Mgnt/LBl, 39",sepatu lari,mills enerstrike blitz
Mills,"MILLS SEPATU LARI RUNNING SHOES ENERSTRIKE FLY M2 WHITE/BLACK 9105203 - WHITE/BLACK, 39",sepatu lari,mills enerstrike fly m2
Mills,"MILLS SEPATU LARI RUNNING SHOES ENERSTRIKE FLY M2 WHITE/YELLOW/WARM.RED 9105204 - WHITE/YLLW/W.RED, 38",sepatu lari,mills enerstrike fly m2
Mills,"MILLS SEPATU LARI RUNNING SHOES ENERSTRIKE ZENITH WINTER.WHITE/WHITE/GREEN 9104304 - WINTERWT/WT/GRN, 39",sepatu lari,mills enerstrike zenith
Mills,"Mills Sepatu Lari Running Shoes Olahraga Saga Black / Grey / Gold 9106004 - Blk/Gry/Gld, 38",sepatu lari,mills saga
Mills,"MILLS SEPATU LARI RUNNING SHOES OLAHRAGA SAGA PINE.GREEN/ANTIQUE.WHITE/BLACK 9106001 - PINEGRN/ATQWHT/BK, 38",sepatu lari,mills saga
Mills,"Mills Sepatu Lari Running Shoes Olahraga Saga White / Soft Blue / Lt Grey 9106002 - Wht/Sblu/Lgry, 38",sepatu lari,mills saga
Mills,"Mills Sepatu Lari Running Shoes Olahraga Treximo Saga Black/White 9100305 - BLACK/WHITE, 36",sepatu lari,mills treximo saga
Mills,"Mills Sepatu Lari Running Shoes Specter All Black 9101401 - ALL BLACK, 36",sepatu lari,mills specter
Mills,"Mills Sepatu Lari Running Shoes Specter Black / White 9101406 - Black/White, 36",sepatu lari,mills specter
Mills,"Mills Sepatu Lari Running Shoes Specter DK. Grey / Neon 9101405 - Dark Grey/Neon, 36",sepatu lari,mills specter
Mills,"Mills Sepatu Lari Running Shoes Specter Navy / Yellow 9101403 - Navy/Yellow, 36",sepatu lari,mills specter
Mills,"Mills Sepatu Lari Running Shoes Specter Olive/Broken White / Orange 9101404 - Olv/BrWht/Og, 36",sepatu lari,mills specter
Mills,"Mills Sepatu Lari Running Shoes Specter White / DK Green 9101407 - White/DKGreen, 41",sepatu lari,mills specter
Mills,"Mills Sepatu Lari Running Shoes Treximo Enerlite Black / White 9102006 - Black/White, 36",sepatu lari,mills treximo enerlite
Mills,"Mills Sepatu Lari Running Shoes Treximo Enerlite Cyan / Navy / LT Grey 9102009 - Cyn/Nvy/LGry, 36",sepatu lari,mills treximo enerlite
Mills,"Mills Sepatu Lari Running Shoes Treximo Enerlite Grey / Black / Coral 9102010 - Gry/Blk/Crl, 36",sepatu lari,mills treximo enerlite
Mills,"Mills Sepatu Lari Running Shoes Treximo Enerlite White / LT Grey 9102008 - White/LTGrey, 41",sepatu lari,mills treximo enerlite
Mills,"Mills Sepatu Lari Running Shoes Treximo Enerlite White / Teal / Coral 9102011 - Wht/Teal/Crl, 37",sepatu lari,mills treximo enerlite
Mills,"Mills Sepatu Lari Running Shoes Treximo Omega Black/Black 9100113 - Black/Black, 36",sepatu lari,mills treximo omega
Mills,"Mills Sepatu Lari Running Shoes Treximo Omega Black/Neon Green/White  9100101 - Black/Neon Green/White, 36",sepatu lari,mills treximo omega
Mills,"Mills Sepatu Lari Running Shoes Treximo Omega Black / White 9100110 - Black / White, 36",sepatu lari,mills treximo omega
Mills,"Mills Sepatu Lari Running Shoes Treximo Omega DK. Blue / Off White 9100114 - DKBLUE/OFFWHITE, 36",sepatu lari,mills treximo omega
Mills,"Mills Sepatu Lari Running Shoes Treximo Omega Light Grey / Black 9100108 - Light Grey / Black, 36",sepatu lari,mills treximo omega
Mills,"Mills Sepatu Lari Running Shoes Treximo Omega M2 Black / White 9105001 - Black/White, 38",sepatu lari,mills treximo omega
Mills,"Mills Sepatu Lari Running Shoes Treximo Omega M2 Triple Black 9105004 - TrplBlk, 38",sepatu lari,mills treximo omega
Mills,"Mills Sepatu Lari Running Shoes Treximo Omega M2 Triple White 9105005 - Trpl/Wht, 38",sepatu lari,mills treximo omega
Mills,"Mills Sepatu Lari Running Shoes Treximo Omega Neon. Green / Black 9100109 - NEONGREEN/BLACK, 37",sepatu lari,mills treximo omega
Mills,"Mills Sepatu Lari Running Shoes Treximo Omega Ocean Blue/Orange 9100104 - Ocean Blue/Orange, 38",sepatu lari,mills treximo omega
Mills,"Mills Sepatu Lari Running Shoes Treximo Saga V2 Black / Gum 9101205 - Black/Gum, 36",sepatu lari,mills treximo saga
Mills,Mills Sepatu Lari Running Shoes Treximo Saga V2 Grey / Black / Red / Tosca 9101211 - 39,sepatu lari,mills treximo saga
Mills,"Mills Sepatu Lari Running Shoes Treximo Saga V2 Pine Green / Black / Lime Green 9101210 - PGrnBlkLgrn, 37",sepatu lari,mills treximo saga
Mills,Mills Sepatu Lari Running Shoes Treximo Saga V2 Red Fiesta / Black / Neon / White 9101209 - 37,sepatu lari,mills treximo saga
Mills,"Mills Sepatu Lari Running Shoes Treximo Saga V2 White / Blue / Magenta 9101204 - WHITE/BLUE/MAGENTA, 39",sepatu lari,mills treximo saga
Mills,"MILLS Sepatu Lari Running Shoes Treximo Vision All Black 9103403 - ALL BLACK, 36",sepatu lari,mills treximo vision
Mills,"MILLS Sepatu Lari Running Shoes Treximo Vision Black / Blue / White 9103401 - Blk/Blu/Wht, 36",sepatu lari,mills treximo vision
Mills,"MILLS SEPATU LARI RUNNING SHOES TREXIMO VISION BLACK/DK.GREY/WHITE 9103405 - BLACK/DK.GREY/WHITE, 36",sepatu lari,mills treximo vision
Mills,"MILLS SEPATU LARI RUNNING SHOES TREXIMO VISION GREY/BLACK/WHITE 9103406 - GREY/BLACK/WHITE, 45",sepatu lari,mills treximo vision
Mills,"MILLS SEPATU LARI RUNNING SHOES TREXIMO VISION NAVY/BLUE/RED 9103407 - NAVY/BLUE/RED, 36",sepatu lari,mills treximo vision
Mills,"MILLS Sepatu Lari Running Shoes Treximo Vision White/Orange/Blue 9103404 - WHITE/ORANGE/BLUE, 45",sepatu lari,mills treximo vision
Mills,MILLS Sepatu Lifestyle Revolt Beta BBS Spare Mint / Black / Magenta / Blue 9702501 - 38,sepatu lifestyle,mills revolt beta bbs
Mills,"MILLS Sepatu Lifestyle Revolt Beta BBS White / Royal Blue / Magenta 9702502 - Wht/RBl/Mgnt, 41",sepatu lifestyle,mills revolt beta bbs
Mills,"MILLS Sepatu Lifestyle Revolt Dynaplate Alpha Beige / Brown / Off White 9702001 - Beige , 39",sepatu lifestyle,mills revolt dynaplate
Mills,"MILLS Sepatu Lifestyle Revolt Dynaplate Alpha Black / Lt Grey / White 9702002 - Black, 38",sepatu lifestyle,mills revolt dynaplate
Mills,"MILLS Sepatu Lifestyle Revolt Dynaplate Alpha Blue / Orange / White 9702004 - Blue, 38",sepatu lifestyle,mills revolt dynaplate
Mills,"MILLS Sepatu Lifestyle Revolt Raze Adv Black / Off White 9700708 - Blk/OWht, 36",sepatu lifestyle,mills revolt dynaplate raze
Mills,"MILLS Sepatu Lifestyle Revolt Raze Adv Olive / Black / Off White 9700717 - Olv/Blk/Owht, 36",sepatu lifestyle,mills revolt dynaplate raze
Mills,"MILLS Sepatu Lifestyle Revolt Raze Adv White / Grey / Black 9700714 - Wht/Gry/Blk, 36",sepatu lifestyle,mills revolt dynaplate raze
Mills,"MILLS Sepatu Lifestyle Revolt Raze Adv White / Grey / Green 9700719 - Wht/Gry/Grn, 36",sepatu lifestyle,mills revolt dynaplate raze
Mills,"MILLS Sepatu Lifestyle Revolt Raze Olive / Black / Off White 9700711 - OLIVE/BLACK/OFFWHITE, 36",sepatu lifestyle,mills revolt dynaplate raze
Mills,"MILLS SEPATU LIFESTYLE TRIPOLI STAR BLACK/PALE.KHAKI/ORANGE 9701408 - BLACK/PK/ORG, 36",sepatu lifestyle,mills tripoli star
Mills,"MILLS SEPATU LIFESTYLE TRIPOLI STAR OFF.WHITE/BURGUNDY 9701409 - OFF.WHITE/BRGY, 36",sepatu lifestyle,mills tripoli star
Mills,"MILLS Sepatu Lifestyle Ultras Arenas Black / Grey / White 9702601 - Black/Gry/Wht, 39",sepatu lifestyle,mills ultras arenas
Mills,"MILLS Sepatu Lifestyle Ultras Arenas White / Green / Gum 9702603 - WHITE/GREEN/GUM, 41",sepatu lifestyle,mills ultras arenas
Mills,"MILLS Sepatu Lifestyle Ultras Clasica DK. Green / White / Gum 9700218 - DKGrn/Wht/Gm, 41",sepatu lifestyle,mills ultras clasica
Mills,"MILLS Sepatu Lifestyle Ultras Clasica Navy / White 9700217 - Navy/White, 39",sepatu lifestyle,mills ultras clasica
Mills,"MILLS SEPATU LIFESTYLE ULTRAS CLASICA OG - BLACK/WHITE/GOLD 9702401 - BLACK/WHITE/GLD, 38",sepatu lifestyle,mills ultras clasica
Mills,"MILLS SEPATU LIFESTYLE ULTRAS CLASICA OG - NAVY/WHITE/MAROON 9702403 - NAVY/WHITE/MRON, 38",sepatu lifestyle,mills ultras clasica
Mills,"MILLS SEPATU LIFESTYLE ULTRAS CLASICA OG WHITE/BLACK/GOLD 9702404 - WHITE/BLACK/GLD, 40",sepatu lifestyle,mills ultras clasica
Mills,"MILLS SEPATU LIFESTYLE ULTRAS DREAMER 2 BLACK GUM 9702701 - Black/Gum, 38",sepatu lifestyle,mills ultras dreamer 2
Mills,"MILLS SEPATU LIFESTYLE ULTRAS DREAMER 2 GREY/DARK GREY/BLACK 9702703 - Gry/DkGry/Blk, 38",sepatu lifestyle,mills ultras dreamer 2
Mills,"MILLS SEPATU LIFESTYLE ULTRAS DREAMER 2 WHITE/GREEN/GREY 9702704 - Wht/Grn/Gry, 38",sepatu lifestyle,mills ultras dreamer 2
Mills,"MILLS SEPATU LIFESTYLE ULTRAS DREAMER BLACK/WHITE 9701310 - BLACK/WHITE, 39",sepatu lifestyle,mills ultras dreamer
Mills,"MILLS SEPATU LIFESTYLE ULTRAS DREAMER DEEP TURQOUISE / OFF.WHITE - 9701311 - DpTrqs/OWht, 39",sepatu lifestyle,mills ultras dreamer
Mills,"MILLS Sepatu Lifestyle Ultras Dreamer DK Cream / Cream 9701306 - DKCrm/Crm, 39",sepatu lifestyle,mills ultras dreamer
Mills,"MILLS Sepatu Lifestyle Ultras Dreamer LT Grey / Grey / Black 9701307 - LGry/Gry/Blk, 39",sepatu lifestyle,mills ultras dreamer
Mills,"MILLS SEPATU LIFESTYLE ULTRAS DREAMER TRIPPLE.BLACK 9701312 - TRIPPLE.BLACK, 41",sepatu lifestyle,mills ultras dreamer
Mills,"Mills Sepatu Lari Running Shoes Treximo Saga Black/Black 9100304 - Black/Black, 38",sepatu lari,mills treximo saga
Mills,"Mills Sepatu Lari Running Shoes Treximo Saga V2 Black / White 9101207 - BLACK/WHITE, 36",sepatu lari,mills treximo saga v2
Mills,"MILLS Sepatu Raptor CL Black / Black 9701102 - Black/Black, 37",sepatu lifestyle,mills raptor cl
Mills,"MILLS Sepatu Raptor CL Black / White 9701101 - Black/White, 37",sepatu lifestyle,mills raptor cl
Mills,"MILLS Sepatu Revolt Beta Black / Black 9700901 - Black/Black, 36",sepatu lifestyle,mills revolt beta
Mills,"MILLS Sepatu Revolt Raze Core Black / Black 9700713 - Black/Black, 36",sepatu lifestyle,mills revolt raze core
Mills,"MILLS Sepatu Revolt Raze Core Black / White 9700715 - BLACK/WHITE, 36",sepatu lifestyle,mills revolt raze core
Mills,"MILLS Sepatu Revolt Raze REP Black / Green / Orange 9701501 - Blck/Green/Orge, 36",sepatu lifestyle,mills revolt raze rep
Mills,"MILLS Sepatu Sepakbola Astro Spartan Elite SG Icy Blue / White 9304602 - IcyBlue/White, 44",sepatu bola,mills astro spartan elite sg
Mills,"MILLS SEPATU SEPAKBOLA ASTRO VIZARE ELITE FG WHITE PEARLIZED/ORANGE/BLACK 9305104 - WHITE PEARL/O/BL, 39",sepatu bola,mills astro vizare elite fg
Mills,"MILLS SEPATU SEPAKBOLA ESPADA FG GREEN/YELLOW/PURPLE 9304401 - GREEN/YLL/PRPL, 41",sepatu bola,mills espada fg
Mills,"MILLS SEPATU SEPAKBOLA ESPADA FG WARM.RED/YELLOW/BLACK 9304405 - WARMR/YL/BL, 41",sepatu bola,mills espada fg
Mills,"MILLS SEPATU SEPAKBOLA FLAME 2.0 FG JR PINK.GERANIUM/WINTER WHTE/BLACK 9203504 - PGnm/WWht/Blk, 33",sepatu bola,mills flame 2.0 fg jr
Mills,"MILLS SEPATU SEPAKBOLA OXY FG JR LT.BLUE/YELLOW 9201102 - LTBLUE/YELLOW, 33",sepatu bola,mills  oxy fg jr
Mills,"MILLS SEPATU SEPAKBOLA OXY FG JR NAVY/MAGENTA 9201103 - NAVY/MAGENTA, 33",sepatu bola,mills  oxy fg jr
Mills,"MILLS Sepatu Sepakbola Triton Deisler 1.2 Prime FG Coral. Red / Black 9304103 - CoralRed/Black, 41",sepatu bola,mills triton deisler 1.2 prime fg
Mills,"MILLS Sepatu Sepakbola Triton Deisler 1.9 Match Fg Jade Green / Black 9305501 - JadeGreen/Black, 38",sepatu bola,mills triton deisler 1.9 match fg
Mills,"MILLS Sepatu Sepakbola Triton Deisler 1.9 Match Fg White / Navy / Multicolor 9305504 - White/Navy/Multicolor, 38",sepatu bola,mills triton deisler 1.9 match fg
Mills,"MILLS SEPATU SEPAKBOLA VONIX FG DK.PURPLE/COOL.BLUE/VIOLET 9303607 - DK.PURPLE/C.B/V, 41",sepatu bola,mills vonix fg
Mills,"MILLS Sepatu Sepakbola Vonix FG JR Tosca / Magenta 9200902 - Tsca/Mgnt, 33",sepatu bola,mills vonix fg jr
Mills,"MILLS Sepatu Sepakbola Vonix FG JR White / Ocean Blue 9200901 - Wht/OcnBlue, 33",sepatu bola,mills vonix fg jr
Mills,"MILLS SEPATU SEPAKBOLA XENON FG JR LIME.GREEN/SKY.BLUE 9202302 - LIME.GRN/S.BLUE, 33",sepatu bola,mills xenon fg jr
Mills,"MILLS SEPATU SEPAKBOLA XENON FG JR WHITE/LIME.GREEN 9202303 - WHITE/LIME.GRN, 33",sepatu bola,mills xenon fg jr
Mills,"MILLS SEPATU SEPAKBOLA XENON FG JR WHITE/TURQUOISE 9202304 - WHITE/TURQUOUISE, 33",sepatu bola,mills xenon fg jr
Mills,"MILLS SEPATU SEPAKBOLA XENON FG LIME.GREEN/SKY.BLUE 9302307 - LIME.GRN/S.BLUE, 41",sepatu bola,mills xenon fg
Mills,"MILLS SEPATU SEPAKBOLA XENON FG WHITE/LIME.GREEN 9302308 - WHITE/LIME.GRN, 41",sepatu bola,mills xenon fg
Mills,"MILLS Sepatu Sepakbola Xenon FG White / Turquoise 9302304 - WHITE/TURQUOISE, 44",sepatu bola,mills xenon fg
Mills,"MILLS Sepatu Sepakbola Xyclops ACG MK II Elite FG Phantom. Black / Spectra.Green 9303502 - PHANTOMBLACK/SPECTRAGREEN, 38",sepatu bola,mills xyclops acg mk ii
Mills,"MILLS SEPATU SEPAKBOLA XYCLOPS HELIOS FG JR BEIGE/BRIGHT.RED 9200802 - BEIGE/BRIGH.RED, 33",sepatu bola,mills xyclops helios fg jr
Mills,"MILLS SEPATU SEPAKBOLA XYCLOPS HELIOS FG JR SKY.BLUE/MAGENTA 9200803 - SKY.BLUE/MAGNTA, 33",sepatu bola,mills xyclops helios fg jr
Mills,"MILLS SEPATU SEPAKBOLA XYCLOPS HELIOS FG JR SOFT GREEN/ORANGE 9200805 - SftGrn/Org, 33",sepatu bola,mills xyclops helios fg jr
Mills,"MILLS Sepatu Sepakbola Xyclops Helios Match FG Bright Red / White / Orange 9305701 - BrgRd/Wht/Org, 41",sepatu bola,mills xyclops helios match
Mills,"MILLS Sepatu Sepakbola Xyclops Helios Match FG White / Neon Green 9305704 - White/NeonGreen, 38",sepatu bola,mills xyclops helios match
Mills,"MILLS SEPATU SEPAKBOLA XYCLOPS HELIOS PRIME FG SOFT.GREEN/ORANGE 9305803 - SOFT.GREEN/ORANGE, 38",sepatu bola,mills xyclops helios prime fg
Mills,"MILLS SEPATU SEPAKBOLA XYCLOPS HELIOS PRIME FG WHITE/NEON.GREEN 9305804 - WHITE/NEON.GRN, 38",sepatu bola,mills xyclops helios prime fg
Mills,"MILLS Sepatu Sepakbola Xyclops Kaldera FG BLUE/CYAN/MAGENTA  9300604 - BLUE/CYAN/MGNTA, 42",sepatu bola,mills xyclops kaldera fg
Mills,"MILLS Sepatu Sepakbola Xyclops Spectra FG Metallic. Copper / Black / White 9304001 - MCpr/Blk/Wht, 38",sepatu bola,mills xyclops spectra fg
Mills,"MILLS Sepatu Sepakbola Xyclops Spectra FG Pearlized Magenta / Black / White 9304003 - PMgn/Blk/Wht, 38",sepatu bola,mills xyclops spectra fg
Mills,"MILLS Sepatu Sepakbola Xyclops Speedfreak FG Off.Wht/Mgnt/Blck 9301602 - OfWht/Mgnt/Blck, 39",sepatu bola,mills xyclops speedfreak fg
Mills,"MILLS SEPATU SEPAKBOLA XYCLOPS WILDBLAST RS FG GREEN/NAVY/MAGENTA 9305201 - GREEN/NVY/MGTA, 40",sepatu bola,mills xyclops wildblast rs fg
Mills,"MILLS SEPATU SEPAKBOLA XYCLOPS XTREME FG GREEN/CREAM/BLACK 9305001 - GREEN/CREAM/BK, 38",sepatu bola,mills xyclops xtreme fg
Mills,"MILLS Sepatu Sportage CL Black/Grey 9701002 - Black/Grey, 36",sepatu lari,mills sportage cl
Mills,"MILLS Sepatu Sportage CL Black/White 9701001 - Black/White, 36",sepatu lari,mills sportage cl
Mills,"MILLS Sepatu Sportage CL Navy / White / Yellow 9701003 - Navy / White / Yellow, 36",sepatu lari,mills sportage cl
Mills,"Mills Sepatu Sportstyle Shoes Echo Black / White 9702302 - Black/White, 38",sepatu lari,mills echo
Mills,"Mills Sepatu Sportstyle Shoes Echo Triple Black 9702304 - TripleBlack, 38",sepatu lari,mills echo
Mills,"Mills Sepatu Lari Running Shoes Treximo Enerlite Black 9102001 - Black, 36",sepatu lari,mills treximo enerlite
Mills,"MILLS Sepatu Treximo Enerlite White/Grey/Tosca 9102003 - White/Gry/Tosca, 41",sepatu lari,mills treximo enerlite
Mills,"MILLS Sepatu Treximo Omega Blue / Neon. Green 9100115 - BLUE/NEONGREEN, 45",sepatu lari,mills treximo omega
Mills,"MILLS Sepatu Treximo Omega Olive/Off White 9100111 - Olive/Off White, 36",sepatu lari,mills treximo omega
Mills,"MILLS SEPATU Treximo Omega White/Gold 9100103 - 39, White/Gold",sepatu lari,mills treximo omega
Mills,"MILLS Sepatu Treximo Recov Navy / All White 9101101 - NAVY/ALLWHITE, 36",sepatu lari,mills treximo recov
Mills,"MILLS Sepatu Tripoli Star Black / Black 9701405 - Black / Black, 36",sepatu lifestyle,mills tripoli star
Mills,"MILLS Sepatu Tripoli Star Black / Chameleon / Gum 9701406 - Blk/Chml/Gum, 36",sepatu lifestyle,mills tripoli star
Mills,"MILLS Sepatu Tripoli Star Black / White 9701404 - Black / White, 36",sepatu lifestyle,mills tripoli star
Mills,"MILLS Sepatu Tripoli Star DK Grey / Broken White 9701407 - DGry/BWht, 36",sepatu lifestyle,mills tripoli star
Mills,"MILLS Sepatu Ultras Bravia Black/White/Gum 9101202 - Black/White/Gum, 38",sepatu lifestyle,mills ultras bravia
Mills,"MILLS Sepatu Ultras Clasica Black / Orange / Broken White 9700207 - Black/Orange/Broken White, 38",sepatu lifestyle,mills ultras clasica
Mills,"MILLS Sepatu Ultras Clasica Core Black / Black 9700209 - BLACK/BLACK, 38",sepatu lifestyle,mills ultras clasica core
Mills,"MILLS Sepatu Ultras Clasica Core Black / White 9700213 - BLACK/WHITE, 38",sepatu lifestyle,mills ultras clasica core
Mills,"MILLS Sepatu Ultras Clasica Core White / White 9700215 - WHITE/WHITE, 38",sepatu lifestyle,mills ultras clasica core
Mills,"MILLS Sepatu Ultras Clasica Denim Black / Off. White 9702203 - BLACK/OFFWHITE, 45",sepatu lifestyle,mills ultras clasica denim
Mills,"MILLS Sepatu Ultras Clasica Denim Navy / LT. Blue / Gum 9702202 - NAVY/LTBLUE/GUM, 39",sepatu lifestyle,mills ultras clasica denim
Mills,"MILLS Sepatu Ultras Clasica Denim Navy / Off. White / Gum 9702201 - NAVY/OFFWHITE/GUM, 38",sepatu lifestyle,mills ultras clasica denim
Mills,"MILLS Sepatu Ultras Dreamer Black / Gum 9701304 - Black/Gum, 38",sepatu lifestyle,mills ultras dreamer
Mills,"MILLS Sepatu Ultras Dreamer Cream/Gum 9701303 - Cream/Gum, 39",sepatu lifestyle,mills ultras dreamer
Mills,"MILLS Sepatu Ultras Dreamer MK White 9701305 - White, 36",sepatu lifestyle,mills ultras dreamer
Mills,"MILLS Sepatu Ultras Tripoli Black/White/Gold 9700601 - Black/White/Gold, 36",sepatu lifestyle,mills ultras tripoli
Mills,"MILLS Sepatu Ultras Unity Black/Gum 9701204 - Black/Gum, 36",sepatu lifestyle,mills ultras unity
Mills,"MILLS Sepatu Ultras Unity MK II White / Spectra Green / White 9701202 - WHITE / SPECTRA GREEN / BLACK, 36",sepatu lifestyle,mills ultras unity mk ii
Mills,"MILLS Superman Sepatu Sepakbola Xyclops Pack Fg White / Blue / Red 9300607 - Wht/Blu/Red, 44",sepatu bola,mills superman xyclops pack fg
Mills,MILLS Tas Sepatu BBS Shoe Bag A6 6006 - Navy,sepatu tas sepatu,mills bbs shoe bag a6 6006
Mills,"Mills Sepatu Lari Running Shoes Enermax Dynaplate Royal Blue / Orange / White 9100707 - RBlue/Org/Wht, 45",sepatu lari,mills miils enermax dynaplate
Nuevo,"Nuevo Crospeed Navy/Stabilo Sepatu Running Olahraga Lari Outdoor - Navy Ijo, 39",sepatu lari,nuevo crosspeed
Nuevo,"Nuevo Crosspeed Hitam/Purpls Sepatu Trail Running Beginner Sneakers Olahraga Lari Pria Outdoor - Navy Ijo, 39",sepatu lari,nuevo crosspeed
Nuevo,"Nuevo Runastic Putih/Hitam Sepatu Sneakers Running Sport Shoes Olahraga Lari Pria Outdoor - Putih Sol Hitam, 39",sepatu lari,nuevo runastic
Nuevo,"Nuevo Runastic Putih/Oren Sepatu Pria Olahraga Lari Running Outdoor - Putih Oren, 39",sepatu lari,nuevo runastic
Nuevo,"Nuevo Soars Hitam Sepatu Sneakers Running Olahraga Jogging Lari Santai Outdoor - HITAM HIJAU, 41",sepatu lari,nuevo soars
Nuevo,"Nuevo Soars Sepatu Lari Olahraga Running pria Santai Gym Jogging Outdoor - STABILO KUNING, 40",sepatu lari,nuevo soars
Nuevo,"Nuevo Soars XI Sepatu Olahraga Sneakers Lari Pria Sport Shoes Running Jogging Outdoor - HITAM OREN, 40",sepatu lari,nuevo soars xi
Nuevo,"Nuevo Velocity Putih Biru Sepatu Lari Pria Sneakers Olahraga Running Shoes Ringan Outdoor - Putih Biru, 39",sepatu lari,nuevo velocity
Nuevo,"Nuevo Velocity Putih Silver Sepatu Sneakers Running Olahraga Lari Pria Outdoor - Putih Silver, 39",sepatu lari,nuevo velocity
Nuevo,"Nuevo Wilmax Biru Sepatu Running Pria Olahraga Lari Gym Outdoor Ringan - Biru Tosca/Oren, 39",sepatu lari,nuevo wilmax
Nuevo,"NUEVO WILMAX HITAM SEPATU OLAHRAGA LARI JOGGING GYM RUNNING SANTAI OUTDOOR - Hitam Biru, 39",sepatu lari,nuevo wilmax
Nuevo,"NUEVO - Wilmax Putih Purple Sepatu Lari Olahraga Pria Running Santai Jogging Outdoor - Biru Tosca/Oren, 39",sepatu lari,nuevo wilmax
Nuevo,"Sepatu Lari Nuevo Crosspeed Grey/Orens Olahraga Pria Trail Running Sneakers Casual Sport Shoes Outdoor - Navy Stabilo, 39",sepatu lari,nuevo crosspeed
Nuevo,"Sepatu Running New Nuevo Velocity Hitam Stabilo Olahraga Lari Jogging Pria - Hitam Stabilo, 39",sepatu lari,nuevo velocity
Nuevo,"Sepatu Running Pria Nuevo Soars XI Putih Olahraga Lari Jogging Outdoor - PUTIH, 41",sepatu lari,nuevo soars xi
Nuevo,Sepatu Sneakers Pria Siloka Shadow High Navy White Canvas Casual Shoes Black - 40,sepatu lifestyle,nuevo siloka shadow high
Nuevo,Sepatu Sneakers Pria Wanita Siloka Shadow Low Navy White Canvas Casual Canvas Casual Shoes - 37,sepatu lifestyle,nuevo siloka shadow low
